masa;paksha;tithi;start;end;start_sunrise;next_day_sunrise;sunset;date;arunoday;type;nakshatra_name;nakshatra_start;nakshatra_end
Viṣṇu;K;Pratipad;;2021-03-29 22:52;2021-03-29 05:38;;;2021-03-29;2021-03-29 04:02;shuddha;;;
Viṣṇu;K;Dvitīya;2021-03-29 22:52;2021-03-30 20:36;2021-03-29 05:38;2021-03-30 05:37;;2021-03-30;2021-03-30 04:01;shuddha;;;
Viṣṇu;K;Tṛtīya;2021-03-30 20:36;2021-03-31 18:13;2021-03-30 05:37;2021-03-31 05:36;;2021-03-31;2021-03-31 04:60;shuddha;;;
Viṣṇu;K;Chaturthī;2021-03-31 18:13;2021-04-01 15:48;2021-03-31 05:36;2021-04-01 05:35;;2021-04-01;2021-04-01 03:59;shuddha;;;
Viṣṇu;K;Pañchamī;2021-04-01 15:48;2021-04-02 13:26;2021-04-01 05:35;2021-04-02 05:34;;2021-04-02;2021-04-02 03:58;shuddha;;;
Viṣṇu;K;Śaṣṭhī;2021-04-02 13:26;2021-04-03 11:12;2021-04-02 05:34;2021-04-03 05:33;;2021-04-03;2021-04-03 03:57;shuddha;;;
Viṣṇu;K;Saptamī;2021-04-03 11:12;2021-04-04 09:09;2021-04-03 05:33;2021-04-04 05:32;;2021-04-04;2021-04-04 03:56;shuddha;;;
Viṣṇu;K;Aṣṭamī;2021-04-04 09:09;2021-04-05 07:22;2021-04-04 05:32;2021-04-05 05:31;;2021-04-05;2021-04-05 03:55;shuddha;;;
Viṣṇu;K;Navamī;2021-04-05 07:22;2021-04-06 05:57;2021-04-05 05:31;2021-04-06 05:30;;2021-04-06;2021-04-06 03:54;shuddha;;;
Viṣṇu;K;Daśamī;2021-04-06 05:57;2021-04-07 04:57;2021-04-06 05:30;2021-04-07 05:29;;2021-04-07;2021-04-07 03:53;kshaya;;;
Viṣṇu;K;Ekādaśī;2021-04-07 04:57;2021-04-08 04:24;2021-04-07 05:29;2021-04-08 05:28;;2021-04-07;2021-04-07 03:53;viddha;;;
Viṣṇu;K;Dvādaśī;2021-04-08 04:24;2021-04-09 04:21;2021-04-08 05:28;2021-04-09 05:27;2021-04-08 17:51;2021-04-08;2021-04-08 03:52;viddha;;;
Viṣṇu;K;Trayodaśī;2021-04-09 04:21;2021-04-10 04:49;2021-04-09 05:27;2021-04-10 05:26;2021-04-09 17:52;2021-04-09;2021-04-09 03:51;viddha;;;
Viṣṇu;K;Chaturdaśī;2021-04-10 04:49;2021-04-11 05:47;2021-04-10 05:26;2021-04-11 05:25;;2021-04-10;2021-04-10 03:50;sampurna;;;
Viṣṇu;K;Amāvasyā;2021-04-11 05:47;2021-04-12 07:12;2021-04-11 05:25;2021-04-12 05:24;;2021-04-12;2021-04-12 03:48;shuddha;;;
Viṣṇu;G;Pratipad;2021-04-12 07:12;2021-04-13 08:54;2021-04-12 05:24;2021-04-13 05:23;;2021-04-13;2021-04-13 03:47;shuddha;;;
Viṣṇu;G;Dvitīya;2021-04-13 08:54;2021-04-14 11:00;2021-04-13 05:23;2021-04-14 05:22;;2021-04-14;2021-04-14 03:46;shuddha;;;
Viṣṇu;G;Tṛtīya;2021-04-14 11:00;2021-04-15 13:05;2021-04-14 05:22;2021-04-15 05:21;;2021-04-15;2021-04-15 03:45;shuddha;;;
Viṣṇu;G;Chaturthī;2021-04-15 13:05;2021-04-16 15:02;2021-04-15 05:21;2021-04-16 05:20;;2021-04-16;2021-04-16 03:44;shuddha;;;
Viṣṇu;G;Pañchamī;2021-04-16 15:02;2021-04-17 16:45;2021-04-16 05:20;2021-04-17 05:19;;2021-04-17;2021-04-17 03:43;shuddha;;;
Viṣṇu;G;Śaṣṭhī;2021-04-17 16:45;2021-04-18 18:04;2021-04-17 05:19;2021-04-18 05:18;;2021-04-18;2021-04-18 03:42;shuddha;;;
Viṣṇu;G;Saptamī;2021-04-18 18:04;2021-04-19 18:57;2021-04-18 05:18;2021-04-19 05:17;;2021-04-19;2021-04-19 03:41;shuddha;;;
Viṣṇu;G;Aṣṭamī;2021-04-19 18:57;2021-04-20 19:18;2021-04-19 05:17;2021-04-20 05:17;;2021-04-20;2021-04-20 03:41;shuddha;;;
Viṣṇu;G;Navamī;2021-04-20 19:18;2021-04-21 19:09;2021-04-20 05:17;2021-04-21 05:16;;2021-04-21;2021-04-21 03:40;shuddha;;;
Viṣṇu;G;Daśamī;2021-04-21 19:09;2021-04-22 18:30;2021-04-21 05:16;2021-04-22 05:15;;2021-04-22;2021-04-22 03:39;shuddha;;;
Viṣṇu;G;Ekādaśī;2021-04-22 18:30;2021-04-23 17:24;2021-04-22 05:15;2021-04-23 05:14;;2021-04-23;2021-04-23 03:38;shuddha;;;
Viṣṇu;G;Dvādaśī;2021-04-23 17:24;2021-04-24 15:54;2021-04-23 05:14;2021-04-24 05:13;2021-04-23 17:58;2021-04-24;2021-04-24 03:37;shuddha;;;
Viṣṇu;G;Trayodaśī;2021-04-24 15:54;2021-04-25 14:04;2021-04-24 05:13;2021-04-25 05:13;2021-04-24 17:58;2021-04-25;2021-04-25 03:37;shuddha;;;
Viṣṇu;G;Chaturdaśī;2021-04-25 14:04;2021-04-26 11:58;2021-04-25 05:13;2021-04-26 05:12;;2021-04-26;2021-04-26 03:36;shuddha;;;
Viṣṇu;G;Pūrṇimā;2021-04-26 11:58;2021-04-27 09:41;2021-04-26 05:12;2021-04-27 05:11;;2021-04-27;2021-04-27 03:35;shuddha;;;
Madhusūdan;K;Pratipad;2021-04-27 09:41;2021-04-28 07:17;2021-04-27 05:11;2021-04-28 05:11;;2021-04-28;2021-04-28 03:35;shuddha;;;
Madhusūdan;K;Dvitīya;2021-04-28 07:17;2021-04-29 04:51;2021-04-28 05:11;2021-04-29 05:10;;2021-04-29;2021-04-29 03:34;kshaya;;;
Madhusūdan;K;Tṛtīya;2021-04-29 04:51;2021-04-30 02:26;2021-04-29 05:10;2021-04-30 05:09;;2021-04-29;2021-04-29 03:34;viddha;;;
Madhusūdan;K;Chaturthī;2021-04-30 02:26;2021-05-01 00:10;2021-04-30 05:09;2021-05-01 05:09;;2021-04-30;2021-04-30 03:33;shuddha;;;
Madhusūdan;K;Pañchamī;2021-05-01 00:10;2021-05-01 22:05;2021-05-01 05:09;2021-05-02 05:08;;2021-05-01;2021-05-01 03:33;shuddha;;;
Madhusūdan;K;Śaṣṭhī;2021-05-01 22:05;2021-05-02 20:17;2021-05-01 05:09;2021-05-02 05:08;;2021-05-02;2021-05-02 03:32;shuddha;;;
Madhusūdan;K;Saptamī;2021-05-02 20:17;2021-05-03 18:51;2021-05-02 05:08;2021-05-03 05:07;;2021-05-03;2021-05-03 03:31;shuddha;;;
Madhusūdan;K;Aṣṭamī;2021-05-03 18:51;2021-05-04 17:48;2021-05-03 05:07;2021-05-04 05:07;;2021-05-04;2021-05-04 03:31;shuddha;;;
Madhusūdan;K;Navamī;2021-05-04 17:48;2021-05-05 17:12;2021-05-04 05:07;2021-05-05 05:06;;2021-05-05;2021-05-05 03:30;shuddha;;;
Madhusūdan;K;Daśamī;2021-05-05 17:12;2021-05-06 17:08;2021-05-05 05:06;2021-05-06 05:05;;2021-05-06;2021-05-06 03:29;shuddha;;;
Madhusūdan;K;Ekādaśī;2021-05-06 17:08;2021-05-07 17:34;2021-05-06 05:05;2021-05-07 05:05;;2021-05-07;2021-05-07 03:29;shuddha;;;
Madhusūdan;K;Dvādaśī;2021-05-07 17:34;2021-05-08 18:30;2021-05-07 05:05;2021-05-08 05:04;2021-05-07 18:04;2021-05-08;2021-05-08 03:28;shuddha;;;
Madhusūdan;K;Trayodaśī;2021-05-08 18:30;2021-05-09 19:53;2021-05-08 05:04;2021-05-09 05:04;2021-05-08 18:05;2021-05-09;2021-05-09 03:28;shuddha;;;
Madhusūdan;K;Chaturdaśī;2021-05-09 19:53;2021-05-10 21:37;2021-05-09 05:04;2021-05-10 05:03;;2021-05-10;2021-05-10 03:27;shuddha;;;
Madhusūdan;K;Amāvasyā;2021-05-10 21:37;2021-05-11 23:36;2021-05-10 05:03;2021-05-11 05:03;;2021-05-11;2021-05-11 03:27;shuddha;;;
Madhusūdan;G;Pratipad;2021-05-11 23:36;2021-05-13 01:40;2021-05-11 05:03;2021-05-12 05:02;;2021-05-12;2021-05-12 03:26;shuddha;;;
Madhusūdan;G;Dvitīya;2021-05-13 01:40;2021-05-14 03:36;2021-05-13 05:01;2021-05-14 05:01;;2021-05-13;2021-05-13 03:25;shuddha;;;
Madhusūdan;G;Tṛtīya;2021-05-14 03:36;2021-05-15 05:17;2021-05-14 05:01;2021-05-15 05:00;;2021-05-14;2021-05-14 03:25;sampurna;;;
Madhusūdan;G;Chaturthī;2021-05-15 05:17;2021-05-16 06:35;2021-05-15 05:00;2021-05-16 05:00;;2021-05-16;2021-05-16 03:24;shuddha;;;
Madhusūdan;G;Pañchamī;2021-05-16 06:35;2021-05-17 07:27;2021-05-16 05:00;2021-05-17 04:59;;2021-05-17;2021-05-17 03:23;shuddha;;;
Madhusūdan;G;Śaṣṭhī;2021-05-17 07:27;2021-05-18 07:48;2021-05-17 04:59;2021-05-18 04:59;;2021-05-18;2021-05-18 03:23;shuddha;;;
Madhusūdan;G;Saptamī;2021-05-18 07:48;2021-05-19 07:38;2021-05-18 04:59;2021-05-19 04:58;;2021-05-19;2021-05-19 03:22;shuddha;;;
Madhusūdan;G;Aṣṭamī;2021-05-19 07:38;2021-05-20 06:59;2021-05-19 04:58;2021-05-20 04:58;;2021-05-20;2021-05-20 03:22;shuddha;;;
Madhusūdan;G;Navamī;2021-05-20 06:59;2021-05-21 05:52;2021-05-20 04:58;2021-05-21 04:57;;2021-05-21;2021-05-21 03:21;shuddha;;;
Madhusūdan;G;Daśamī;2021-05-21 05:52;2021-05-22 04:22;2021-05-21 04:57;2021-05-22 04:57;;2021-05-22;2021-05-22 03:21;kshaya;;;
Madhusūdan;G;Ekādaśī;2021-05-22 04:22;2021-05-23 02:31;2021-05-22 04:57;2021-05-23 04:57;;2021-05-22;2021-05-22 03:21;viddha;;;
Madhusūdan;G;Dvādaśī;2021-05-23 02:31;2021-05-24 00:24;2021-05-23 04:57;2021-05-24 04:57;2021-05-23 18:12;2021-05-23;2021-05-23 03:21;shuddha;;;
Madhusūdan;G;Trayodaśī;2021-05-24 00:24;2021-05-24 22:06;2021-05-24 04:57;2021-05-25 04:57;2021-05-24 18:12;2021-05-24;2021-05-24 03:21;shuddha;;;
Madhusūdan;G;Chaturdaśī;2021-05-24 22:06;2021-05-25 19:41;2021-05-24 04:57;2021-05-25 04:57;;2021-05-25;2021-05-25 03:21;shuddha;;;
Madhusūdan;G;Pūrṇimā;2021-05-25 19:41;2021-05-26 17:14;2021-05-25 04:57;2021-05-26 04:56;;2021-05-26;2021-05-26 03:20;shuddha;;;
Trivikram;K;Pratipad;2021-05-26 17:14;2021-05-27 14:49;2021-05-26 04:56;2021-05-27 04:56;;2021-05-27;2021-05-27 03:20;shuddha;;;
Trivikram;K;Dvitīya;2021-05-27 14:49;2021-05-28 12:32;2021-05-27 04:56;2021-05-28 04:56;;2021-05-28;2021-05-28 03:20;shuddha;;;
Trivikram;K;Tṛtīya;2021-05-28 12:32;2021-05-29 10:25;2021-05-28 04:56;2021-05-29 04:56;;2021-05-29;2021-05-29 03:20;shuddha;;;
Trivikram;K;Chaturthī;2021-05-29 10:25;2021-05-30 08:35;2021-05-29 04:56;2021-05-30 04:56;;2021-05-30;2021-05-30 03:20;shuddha;;;
Trivikram;K;Pañchamī;2021-05-30 08:35;2021-05-31 07:06;2021-05-30 04:56;2021-05-31 04:56;;2021-05-31;2021-05-31 03:20;shuddha;;;
Trivikram;K;Śaṣṭhī;2021-05-31 07:06;2021-06-01 06:01;2021-05-31 04:56;2021-06-01 04:56;;2021-06-01;2021-06-01 03:20;shuddha;;;
Trivikram;K;Saptamī;2021-06-01 06:01;2021-06-02 05:23;2021-06-01 04:56;2021-06-02 04:56;;2021-06-02;2021-06-02 03:20;shuddha;;;
Trivikram;K;Aṣṭamī;2021-06-02 05:23;2021-06-03 05:16;2021-06-02 04:56;2021-06-03 04:56;;2021-06-03;2021-06-03 03:20;shuddha;;;
Trivikram;K;Navamī;2021-06-03 05:16;2021-06-04 05:39;2021-06-03 04:56;2021-06-04 04:56;;2021-06-04;2021-06-04 03:20;shuddha;;;
Trivikram;K;Daśamī;2021-06-04 05:39;2021-06-05 06:33;2021-06-04 04:56;2021-06-05 04:56;;2021-06-05;2021-06-05 03:20;shuddha;;;
Trivikram;K;Ekādaśī;2021-06-05 06:33;2021-06-06 07:53;2021-06-05 04:56;2021-06-06 04:56;;2021-06-06;2021-06-06 03:20;shuddha;;;
Trivikram;K;Dvādaśī;2021-06-06 07:53;2021-06-07 09:35;2021-06-06 04:56;2021-06-07 04:56;2021-06-06 18:17;2021-06-07;2021-06-07 03:20;shuddha;;;
Trivikram;K;Trayodaśī;2021-06-07 09:35;2021-06-08 11:31;2021-06-07 04:56;2021-06-08 04:56;2021-06-07 18:17;2021-06-08;2021-06-08 03:20;shuddha;;;
Trivikram;K;Chaturdaśī;2021-06-08 11:31;2021-06-09 13:34;2021-06-08 04:56;2021-06-09 04:56;;2021-06-09;2021-06-09 03:20;shuddha;;;
Trivikram;K;Amāvasyā;2021-06-09 13:34;2021-06-10 15:29;2021-06-09 04:56;2021-06-10 04:56;;2021-06-10;2021-06-10 03:20;shuddha;;;
Trivikram;G;Pratipad;2021-06-10 15:29;2021-06-11 17:11;2021-06-10 04:56;2021-06-11 04:56;;2021-06-11;2021-06-11 03:20;shuddha;;;
Trivikram;G;Dvitīya;2021-06-11 17:11;2021-06-12 18:30;2021-06-11 04:56;2021-06-12 04:56;;2021-06-12;2021-06-12 03:20;shuddha;;;
Trivikram;G;Tṛtīya;2021-06-12 18:30;2021-06-13 19:23;2021-06-12 04:56;2021-06-13 04:55;;2021-06-13;2021-06-13 03:19;shuddha;;;
Trivikram;G;Chaturthī;2021-06-13 19:23;2021-06-14 19:45;2021-06-13 04:55;2021-06-14 04:56;;2021-06-14;2021-06-14 03:20;shuddha;;;
Trivikram;G;Pañchamī;2021-06-14 19:45;2021-06-15 19:36;2021-06-14 04:56;2021-06-15 04:56;;2021-06-15;2021-06-15 03:20;shuddha;;;
Trivikram;G;Śaṣṭhī;2021-06-15 19:36;2021-06-16 18:58;2021-06-15 04:56;2021-06-16 04:56;;2021-06-16;2021-06-16 03:20;shuddha;;;
Trivikram;G;Saptamī;2021-06-16 18:58;2021-06-17 17:52;2021-06-16 04:56;2021-06-17 04:56;;2021-06-17;2021-06-17 03:20;shuddha;;;
Trivikram;G;Aṣṭamī;2021-06-17 17:52;2021-06-18 16:21;2021-06-17 04:56;2021-06-18 04:55;;2021-06-18;2021-06-18 03:19;shuddha;;;
Trivikram;G;Navamī;2021-06-18 16:21;2021-06-19 14:30;2021-06-18 04:55;2021-06-19 04:56;;2021-06-19;2021-06-19 03:20;shuddha;;;
Trivikram;G;Daśamī;2021-06-19 14:30;2021-06-20 12:24;2021-06-19 04:56;2021-06-20 04:56;;2021-06-20;2021-06-20 03:20;shuddha;;;
Trivikram;G;Ekādaśī;2021-06-20 12:24;2021-06-21 10:05;2021-06-20 04:56;2021-06-21 04:56;;2021-06-21;2021-06-21 03:20;shuddha;;;
Trivikram;G;Dvādaśī;2021-06-21 10:05;2021-06-22 07:39;2021-06-21 04:56;2021-06-22 04:56;2021-06-21 18:23;2021-06-22;2021-06-22 03:20;shuddha;;;
Trivikram;G;Trayodaśī;2021-06-22 07:39;2021-06-23 05:10;2021-06-22 04:56;2021-06-23 04:56;2021-06-22 18:24;2021-06-23;2021-06-23 03:20;shuddha;;;
Trivikram;G;Chaturdaśī;2021-06-23 05:10;2021-06-24 02:44;2021-06-23 04:56;2021-06-24 04:56;;2021-06-24;2021-06-24 03:20;kshaya;;;
Trivikram;G;Pūrṇimā;2021-06-24 02:44;2021-06-25 00:26;2021-06-24 04:56;2021-06-25 04:56;;2021-06-24;2021-06-24 03:20;shuddha;;;
Vāman;K;Pratipad;2021-06-25 00:26;2021-06-25 22:18;2021-06-25 04:56;2021-06-26 04:57;;2021-06-25;2021-06-25 03:20;shuddha;;;
Vāman;K;Dvitīya;2021-06-25 22:18;2021-06-26 20:27;2021-06-25 04:56;2021-06-26 04:57;;2021-06-26;2021-06-26 03:21;shuddha;;;
Vāman;K;Tṛtīya;2021-06-26 20:27;2021-06-27 18:56;2021-06-26 04:57;2021-06-27 04:57;;2021-06-27;2021-06-27 03:21;shuddha;;;
Vāman;K;Chaturthī;2021-06-27 18:56;2021-06-28 17:49;2021-06-27 04:57;2021-06-28 04:58;;2021-06-28;2021-06-28 03:22;shuddha;;;
Vāman;K;Pañchamī;2021-06-28 17:49;2021-06-29 17:08;2021-06-28 04:58;2021-06-29 04:58;;2021-06-29;2021-06-29 03:22;shuddha;;;
Vāman;K;Śaṣṭhī;2021-06-29 17:08;2021-06-30 16:58;2021-06-29 04:58;2021-06-30 04:58;;2021-06-30;2021-06-30 03:22;shuddha;;;
Vāman;K;Saptamī;2021-06-30 16:58;2021-07-01 17:19;2021-06-30 04:58;2021-07-01 04:59;;2021-07-01;2021-07-01 03:23;shuddha;;;
Vāman;K;Aṣṭamī;2021-07-01 17:19;2021-07-02 18:10;2021-07-01 04:59;2021-07-02 04:59;;2021-07-02;2021-07-02 03:23;shuddha;;;
Vāman;K;Navamī;2021-07-02 18:10;2021-07-03 19:28;2021-07-02 04:59;2021-07-03 05:00;;2021-07-03;2021-07-03 03:24;shuddha;;;
Vāman;K;Daśamī;2021-07-03 19:28;2021-07-04 21:07;2021-07-03 05:00;2021-07-04 05:00;;2021-07-04;2021-07-04 03:24;shuddha;;;
Vāman;K;Ekādaśī;2021-07-04 21:07;2021-07-05 23:03;2021-07-04 05:00;2021-07-05 05:00;;2021-07-05;2021-07-05 03:24;shuddha;;;
Vāman;K;Dvādaśī;2021-07-05 23:03;2021-07-07 01:04;2021-07-05 05:00;2021-07-06 05:01;2021-07-05 18:23;2021-07-06;2021-07-06 03:25;shuddha;;;
Vāman;K;Trayodaśī;2021-07-07 01:04;2021-07-08 03:00;2021-07-07 05:01;2021-07-08 05:01;2021-07-07 18:23;2021-07-07;2021-07-07 03:25;shuddha;;;
Vāman;K;Chaturdaśī;2021-07-08 03:00;2021-07-09 04:43;2021-07-08 05:01;2021-07-09 05:02;;2021-07-08;2021-07-08 03:25;shuddha;;;
Vāman;K;Amāvasyā;2021-07-09 04:43;2021-07-10 06:03;2021-07-09 05:02;2021-07-10 05:02;;2021-07-09;2021-07-09 03:26;sampurna;;;
Vāman;G;Pratipad;2021-07-10 06:03;2021-07-11 06:58;2021-07-10 05:02;2021-07-11 05:02;;2021-07-11;2021-07-11 03:26;shuddha;;;
Vāman;G;Dvitīya;2021-07-11 06:58;2021-07-12 07:22;2021-07-11 05:02;2021-07-12 05:03;;2021-07-12;2021-07-12 03:27;shuddha;;;
Vāman;G;Tṛtīya;2021-07-12 07:22;2021-07-13 07:16;2021-07-12 05:03;2021-07-13 05:03;;2021-07-13;2021-07-13 03:27;shuddha;;;
Vāman;G;Chaturthī;2021-07-13 07:16;2021-07-14 06:39;2021-07-13 05:03;2021-07-14 05:03;;2021-07-14;2021-07-14 03:27;shuddha;;;
Vāman;G;Pañchamī;2021-07-14 06:39;2021-07-15 05:35;2021-07-14 05:03;2021-07-15 05:04;;2021-07-15;2021-07-15 03:28;shuddha;;;
Vāman;G;Śaṣṭhī;2021-07-15 05:35;2021-07-16 04:06;2021-07-15 05:04;2021-07-16 05:04;;2021-07-16;2021-07-16 03:28;kshaya;;;
Vāman;G;Saptamī;2021-07-16 04:06;2021-07-17 02:16;2021-07-16 05:04;2021-07-17 05:04;;2021-07-16;2021-07-16 03:28;viddha;;;
Vāman;G;Aṣṭamī;2021-07-17 02:16;2021-07-18 00:10;2021-07-17 05:04;2021-07-18 05:05;;2021-07-17;2021-07-17 03:28;shuddha;;;
Vāman;G;Navamī;2021-07-18 00:10;2021-07-18 21:53;2021-07-18 05:05;2021-07-19 05:05;;2021-07-18;2021-07-18 03:29;shuddha;;;
Vāman;G;Daśamī;2021-07-18 21:53;2021-07-19 19:27;2021-07-18 05:05;2021-07-19 05:05;;2021-07-19;2021-07-19 03:29;shuddha;;;
Vāman;G;Ekādaśī;2021-07-19 19:27;2021-07-20 16:58;2021-07-19 05:05;2021-07-20 05:05;2021-07-19 18:22;2021-07-20;2021-07-20 03:29;shuddha;;;
Vāman;G;Dvādaśī;2021-07-20 16:58;2021-07-21 14:31;2021-07-20 05:05;2021-07-21 05:06;2021-07-20 18:22;2021-07-21;2021-07-21 03:30;shuddha;;;
Vāman;G;Trayodaśī;2021-07-21 14:31;2021-07-22 12:11;2021-07-21 05:06;2021-07-22 05:06;2021-07-21 18:22;2021-07-22;2021-07-22 03:30;shuddha;;;
Vāman;G;Chaturdaśī;2021-07-22 12:11;2021-07-23 10:03;2021-07-22 05:06;2021-07-23 05:06;;2021-07-23;2021-07-23 03:30;shuddha;;;
Vāman;G;Pūrṇimā;2021-07-23 10:03;2021-07-24 08:09;2021-07-23 05:06;2021-07-24 05:07;;2021-07-24;2021-07-24 03:31;shuddha;;;
Śrīdhar;K;Pratipad;2021-07-24 08:09;2021-07-25 06:37;2021-07-24 05:07;2021-07-25 05:07;;2021-07-25;2021-07-25 03:31;shuddha;;;
Śrīdhar;K;Dvitīya;2021-07-25 06:37;2021-07-26 05:37;2021-07-25 05:07;2021-07-26 05:07;;2021-07-26;2021-07-26 03:31;shuddha;;;
Śrīdhar;K;Tṛtīya;2021-07-26 05:37;2021-07-27 04:45;2021-07-26 05:07;2021-07-27 05:08;;2021-07-27;2021-07-27 03:32;kshaya;;;
Śrīdhar;K;Chaturthī;2021-07-27 04:45;2021-07-28 04:33;2021-07-27 05:08;2021-07-28 05:08;;2021-07-27;2021-07-27 03:32;viddha;;;
Śrīdhar;K;Pañchamī;2021-07-28 04:33;2021-07-29 04:52;2021-07-28 05:08;2021-07-29 05:09;;2021-07-28;2021-07-28 03:32;viddha;;;
Śrīdhar;K;Śaṣṭhī;2021-07-29 04:52;2021-07-30 05:42;2021-07-29 05:09;2021-07-30 05:09;;2021-07-29;2021-07-29 03:33;sampurna;;;
Śrīdhar;K;Saptamī;2021-07-30 05:42;2021-07-31 06:59;2021-07-30 05:09;2021-07-31 05:10;;2021-07-31;2021-07-31 03:34;shuddha;;;
Śrīdhar;K;Aṣṭamī;2021-07-31 06:59;2021-08-01 08:37;2021-07-31 05:10;2021-08-01 05:10;;2021-08-01;2021-08-01 03:34;shuddha;;;
Śrīdhar;K;Navamī;2021-08-01 08:37;2021-08-02 10:33;2021-08-01 05:10;2021-08-02 05:11;;2021-08-02;2021-08-02 03:35;shuddha;;;
Śrīdhar;K;Daśamī;2021-08-02 10:33;2021-08-03 12:34;2021-08-02 05:11;2021-08-03 05:11;;2021-08-03;2021-08-03 03:35;shuddha;;;
Śrīdhar;K;Ekādaśī;2021-08-03 12:34;2021-08-04 14:32;2021-08-03 05:11;2021-08-04 05:12;;2021-08-04;2021-08-04 03:36;shuddha;;;
Śrīdhar;K;Dvādaśī;2021-08-04 14:32;2021-08-05 16:16;2021-08-04 05:12;2021-08-05 05:12;2021-08-04 18:15;2021-08-05;2021-08-05 03:36;shuddha;;;
Śrīdhar;K;Trayodaśī;2021-08-05 16:16;2021-08-06 17:38;2021-08-05 05:12;2021-08-06 05:13;2021-08-05 18:14;2021-08-06;2021-08-06 03:37;shuddha;;;
Śrīdhar;K;Chaturdaśī;2021-08-06 17:38;2021-08-07 18:36;2021-08-06 05:13;2021-08-07 05:13;;2021-08-07;2021-08-07 03:37;shuddha;;;
Śrīdhar;K;Amāvasyā;2021-08-07 18:36;2021-08-08 19:02;2021-08-07 05:13;2021-08-08 05:13;;2021-08-08;2021-08-08 03:37;shuddha;;;
Śrīdhar;G;Pratipad;2021-08-08 19:02;2021-08-09 18:58;2021-08-08 05:13;2021-08-09 05:14;;2021-08-09;2021-08-09 03:38;shuddha;;;
Śrīdhar;G;Dvitīya;2021-08-09 18:58;2021-08-10 18:24;2021-08-09 05:14;2021-08-10 05:14;;2021-08-10;2021-08-10 03:38;shuddha;;;
Śrīdhar;G;Tṛtīya;2021-08-10 18:24;2021-08-11 17:22;2021-08-10 05:14;2021-08-11 05:15;;2021-08-11;2021-08-11 03:39;shuddha;;;
Śrīdhar;G;Chaturthī;2021-08-11 17:22;2021-08-12 15:56;2021-08-11 05:15;2021-08-12 05:15;;2021-08-12;2021-08-12 03:39;shuddha;;;
Śrīdhar;G;Pañchamī;2021-08-12 15:56;2021-08-13 14:08;2021-08-12 05:15;2021-08-13 05:15;;2021-08-13;2021-08-13 03:39;shuddha;;;
Śrīdhar;G;Śaṣṭhī;2021-08-13 14:08;2021-08-14 12:04;2021-08-13 05:15;2021-08-14 05:16;;2021-08-14;2021-08-14 03:40;shuddha;;;
Śrīdhar;G;Saptamī;2021-08-14 12:04;2021-08-15 09:48;2021-08-14 05:16;2021-08-15 05:16;;2021-08-15;2021-08-15 03:40;shuddha;;;
Śrīdhar;G;Aṣṭamī;2021-08-15 09:48;2021-08-16 07:23;2021-08-15 05:16;2021-08-16 05:16;;2021-08-16;2021-08-16 03:40;shuddha;;;
Śrīdhar;G;Navamī;2021-08-16 07:23;2021-08-17 04:54;2021-08-16 05:16;2021-08-17 05:17;;2021-08-17;2021-08-17 03:41;kshaya;;;
Śrīdhar;G;Daśamī;2021-08-17 04:54;2021-08-18 02:28;2021-08-17 05:17;2021-08-18 05:17;;2021-08-17;2021-08-17 03:41;viddha;;;
Śrīdhar;G;Ekādaśī;2021-08-18 02:28;2021-08-19 00:09;2021-08-18 05:17;2021-08-19 05:17;2021-08-18 18:05;2021-08-18;2021-08-18 03:41;shuddha;;;
Śrīdhar;G;Dvādaśī;2021-08-19 00:09;2021-08-19 22:00;2021-08-19 05:17;2021-08-20 05:18;2021-08-19 18:04;2021-08-19;2021-08-19 03:41;shuddha;;;
Śrīdhar;G;Trayodaśī;2021-08-19 22:00;2021-08-20 20:07;2021-08-19 05:17;2021-08-20 05:18;;2021-08-20;2021-08-20 03:42;shuddha;;;
Śrīdhar;G;Chaturdaśī;2021-08-20 20:07;2021-08-21 18:33;2021-08-20 05:18;2021-08-21 05:18;;2021-08-21;2021-08-21 03:42;shuddha;;;
Śrīdhar;G;Pūrṇimā;2021-08-21 18:33;2021-08-22 17:23;2021-08-21 05:18;2021-08-22 05:18;;2021-08-22;2021-08-22 03:42;shuddha;;;
Hṛṣīkeś;K;Pratipad;2021-08-22 17:23;2021-08-23 16:40;2021-08-22 05:18;2021-08-23 05:18;;2021-08-23;2021-08-23 03:42;shuddha;;;
Hṛṣīkeś;K;Dvitīya;2021-08-23 16:40;2021-08-24 16:27;2021-08-23 05:18;2021-08-24 05:19;;2021-08-24;2021-08-24 03:43;shuddha;;;
Hṛṣīkeś;K;Tṛtīya;2021-08-24 16:27;2021-08-25 16:44;2021-08-24 05:19;2021-08-25 05:19;;2021-08-25;2021-08-25 03:43;shuddha;;;
Hṛṣīkeś;K;Chaturthī;2021-08-25 16:44;2021-08-26 17:34;2021-08-25 05:19;2021-08-26 05:20;;2021-08-26;2021-08-26 03:44;shuddha;;;
Hṛṣīkeś;K;Pañchamī;2021-08-26 17:34;2021-08-27 18:51;2021-08-26 05:20;2021-08-27 05:20;;2021-08-27;2021-08-27 03:44;shuddha;;;
Hṛṣīkeś;K;Śaṣṭhī;2021-08-27 18:51;2021-08-28 20:30;2021-08-27 05:20;2021-08-28 05:20;;2021-08-28;2021-08-28 03:44;shuddha;;;
Hṛṣīkeś;K;Saptamī;2021-08-28 20:30;2021-08-29 22:25;2021-08-28 05:20;2021-08-29 05:21;;2021-08-29;2021-08-29 03:45;shuddha;;;
Hṛṣīkeś;K;Aṣṭamī;2021-08-29 22:25;2021-08-31 00:28;2021-08-29 05:21;2021-08-30 05:21;;2021-08-30;2021-08-30 03:45;shuddha;;;
Hṛṣīkeś;K;Navamī;2021-08-31 00:28;2021-09-01 02:27;2021-08-31 05:21;2021-09-01 05:21;;2021-08-31;2021-08-31 03:45;shuddha;;;
Hṛṣīkeś;K;Daśamī;2021-09-01 02:27;2021-09-02 04:14;2021-09-01 05:21;2021-09-02 05:22;;2021-09-01;2021-09-01 03:45;shuddha;;;
Hṛṣīkeś;K;Ekādaśī;2021-09-02 04:14;2021-09-03 05:40;2021-09-02 05:22;2021-09-03 05:22;;2021-09-03;2021-09-03 03:46;sampurna;;;
Hṛṣīkeś;K;Dvādaśī;2021-09-03 05:40;2021-09-04 06:39;2021-09-03 05:22;2021-09-04 05:22;;2021-09-04;2021-09-04 03:46;shuddha;;;
Hṛṣīkeś;K;Trayodaśī;2021-09-04 06:39;2021-09-05 07:09;2021-09-04 05:22;2021-09-05 05:23;2021-09-04 17:51;2021-09-05;2021-09-05 03:47;shuddha;;;
Hṛṣīkeś;K;Chaturdaśī;2021-09-05 07:09;2021-09-06 07:07;2021-09-05 05:23;2021-09-06 05:23;2021-09-05 17:50;2021-09-06;2021-09-06 03:47;shuddha;;;
Hṛṣīkeś;K;Amāvasyā;2021-09-06 07:07;2021-09-07 06:36;2021-09-06 05:23;2021-09-07 05:23;;2021-09-07;2021-09-07 03:47;shuddha;;;
Hṛṣīkeś;G;Pratipad;2021-09-07 06:36;2021-09-08 05:36;2021-09-07 05:23;2021-09-08 05:24;;2021-09-08;2021-09-08 03:48;shuddha;;;
Hṛṣīkeś;G;Dvitīya;2021-09-08 05:36;2021-09-09 04:10;2021-09-08 05:24;2021-09-09 05:24;;2021-09-09;2021-09-09 03:48;kshaya;;;
Hṛṣīkeś;G;Tṛtīya;2021-09-09 04:10;2021-09-10 02:25;2021-09-09 05:24;2021-09-10 05:24;;2021-09-09;2021-09-09 03:48;viddha;;;
Hṛṣīkeś;G;Chaturthī;2021-09-10 02:25;2021-09-11 00:23;2021-09-10 05:24;2021-09-11 05:25;;2021-09-10;2021-09-10 03:48;shuddha;;;
Hṛṣīkeś;G;Pañchamī;2021-09-11 00:23;2021-09-11 22:08;2021-09-11 05:25;2021-09-12 05:25;;2021-09-11;2021-09-11 03:49;shuddha;;;
Hṛṣīkeś;G;Śaṣṭhī;2021-09-11 22:08;2021-09-12 19:45;2021-09-11 05:25;2021-09-12 05:25;;2021-09-12;2021-09-12 03:49;shuddha;;;
Hṛṣīkeś;G;Saptamī;2021-09-12 19:45;2021-09-13 17:18;2021-09-12 05:25;2021-09-13 05:26;;2021-09-13;2021-09-13 03:50;shuddha;;;
Hṛṣīkeś;G;Aṣṭamī;2021-09-13 17:18;2021-09-14 14:54;2021-09-13 05:26;2021-09-14 05:26;;2021-09-14;2021-09-14 03:50;shuddha;;;
Hṛṣīkeś;G;Navamī;2021-09-14 14:54;2021-09-15 12:35;2021-09-14 05:26;2021-09-15 05:26;;2021-09-15;2021-09-15 03:50;shuddha;;;
Hṛṣīkeś;G;Daśamī;2021-09-15 12:35;2021-09-16 10:28;2021-09-15 05:26;2021-09-16 05:27;;2021-09-16;2021-09-16 03:51;shuddha;;;
Hṛṣīkeś;G;Ekādaśī;2021-09-16 10:28;2021-09-17 08:35;2021-09-16 05:27;2021-09-17 05:27;;2021-09-17;2021-09-17 03:51;shuddha;shravana;2021-09-17 05:42;2021-09-18 04:50
Hṛṣīkeś;G;Dvādaśī;2021-09-17 08:35;2021-09-18 07:03;2021-09-17 05:27;2021-09-18 05:27;2021-09-17 17:37;2021-09-18;2021-09-18 03:51;shuddha;;;
Hṛṣīkeś;G;Trayodaśī;2021-09-18 07:03;2021-09-19 05:54;2021-09-18 05:27;2021-09-19 05:28;;2021-09-19;2021-09-19 03:52;shuddha;;;
Hṛṣīkeś;G;Chaturdaśī;2021-09-19 05:54;2021-09-20 05:11;2021-09-19 05:28;2021-09-20 05:28;;2021-09-20;2021-09-20 03:52;kshaya;;;
Hṛṣīkeś;G;Pūrṇimā;2021-09-20 05:11;2021-09-21 04:59;2021-09-20 05:28;2021-09-21 05:28;;2021-09-20;2021-09-20 03:52;viddha;;;
Padmanābha;K;Pratipad;2021-09-21 04:59;2021-09-22 05:17;2021-09-21 05:28;2021-09-22 05:28;;2021-09-21;2021-09-21 03:52;viddha;;;
Padmanābha;K;Dvitīya;2021-09-22 05:17;2021-09-23 06:06;2021-09-22 05:28;2021-09-23 05:28;;2021-09-22;2021-09-22 03:52;sampurna;;;
Padmanābha;K;Tṛtīya;2021-09-23 06:06;2021-09-24 07:28;2021-09-23 05:28;2021-09-24 05:29;;2021-09-24;2021-09-24 03:53;shuddha;;;
Padmanābha;K;Chaturthī;2021-09-24 07:28;2021-09-25 09:05;2021-09-24 05:29;2021-09-25 05:29;;2021-09-25;2021-09-25 03:53;shuddha;;;
Padmanābha;K;Pañchamī;2021-09-25 09:05;2021-09-26 11:03;2021-09-25 05:29;2021-09-26 05:29;;2021-09-26;2021-09-26 03:53;shuddha;;;
Padmanābha;K;Śaṣṭhī;2021-09-26 11:03;2021-09-27 13:08;2021-09-26 05:29;2021-09-27 05:30;;2021-09-27;2021-09-27 03:54;shuddha;;;
Padmanābha;K;Saptamī;2021-09-27 13:08;2021-09-28 15:10;2021-09-27 05:30;2021-09-28 05:30;;2021-09-28;2021-09-28 03:54;shuddha;;;
Padmanābha;K;Aṣṭamī;2021-09-28 15:10;2021-09-29 16:37;2021-09-28 05:30;2021-09-29 05:30;;2021-09-29;2021-09-29 03:54;shuddha;;;
Padmanābha;K;Navamī;2021-09-29 16:37;2021-09-30 18:26;2021-09-29 05:30;2021-09-30 05:31;;2021-09-30;2021-09-30 03:55;shuddha;;;
Padmanābha;K;Daśamī;2021-09-30 18:26;2021-10-01 19:28;2021-09-30 05:31;2021-10-01 05:31;;2021-10-01;2021-10-01 03:55;shuddha;;;
Padmanābha;K;Ekādaśī;2021-10-01 19:28;2021-10-02 20:01;2021-10-01 05:31;2021-10-02 05:32;;2021-10-02;2021-10-02 03:56;shuddha;;;
Padmanābha;K;Dvādaśī;2021-10-02 20:01;2021-10-03 20:01;2021-10-02 05:32;2021-10-03 05:32;;2021-10-03;2021-10-03 03:56;shuddha;;;
Padmanābha;K;Trayodaśī;2021-10-03 20:01;2021-10-04 19:32;2021-10-03 05:32;2021-10-04 05:32;2021-10-03 17:21;2021-10-04;2021-10-04 03:56;shuddha;;;
Padmanābha;K;Chaturdaśī;2021-10-04 19:32;2021-10-05 18:34;2021-10-04 05:32;2021-10-05 05:33;2021-10-04 17:20;2021-10-05;2021-10-05 03:57;shuddha;;;
Padmanābha;K;Amāvasyā;2021-10-05 18:34;2021-10-06 17:11;2021-10-05 05:33;2021-10-06 05:33;;2021-10-06;2021-10-06 03:57;shuddha;;;
Padmanābha;G;Pratipad;2021-10-06 17:11;2021-10-07 15:27;2021-10-06 05:33;2021-10-07 05:33;;2021-10-07;2021-10-07 03:57;shuddha;;;
Padmanābha;G;Dvitīya;2021-10-07 15:27;2021-10-08 13:26;2021-10-07 05:33;2021-10-08 05:34;;2021-10-08;2021-10-08 03:58;shuddha;;;
Padmanābha;G;Tṛtīya;2021-10-08 13:26;2021-10-09 11:13;2021-10-08 05:34;2021-10-09 05:34;;2021-10-09;2021-10-09 03:58;shuddha;;;
Padmanābha;G;Chaturthī;2021-10-09 11:13;2021-10-10 08:52;2021-10-09 05:34;2021-10-10 05:35;;2021-10-10;2021-10-10 03:59;shuddha;;;
Padmanābha;G;Pañchamī;2021-10-10 08:52;2021-10-11 06:24;2021-10-10 05:35;2021-10-11 05:35;;2021-10-11;2021-10-11 03:59;shuddha;;;
Padmanābha;G;Śaṣṭhī;2021-10-11 06:24;2021-10-12 04:04;2021-10-11 05:35;2021-10-12 05:35;;2021-10-12;2021-10-12 03:59;kshaya;;;
Padmanābha;G;Saptamī;2021-10-12 04:04;2021-10-13 01:48;2021-10-12 05:35;2021-10-13 05:36;;2021-10-12;2021-10-12 03:59;viddha;;;
Padmanābha;G;Aṣṭamī;2021-10-13 01:48;2021-10-13 23:49;2021-10-13 05:36;2021-10-14 05:37;;2021-10-13;2021-10-13 04:60;shuddha;;;
Padmanābha;G;Navamī;2021-10-13 23:49;2021-10-14 21:52;2021-10-13 05:36;2021-10-14 05:37;;2021-10-14;2021-10-14 04:01;shuddha;;;
Padmanābha;G;Daśamī;2021-10-14 21:52;2021-10-15 20:21;2021-10-14 05:37;2021-10-15 05:37;;2021-10-15;2021-10-15 04:01;shuddha;;;
Padmanābha;G;Ekādaśī;2021-10-15 20:21;2021-10-16 19:15;2021-10-15 05:37;2021-10-16 05:38;;2021-10-16;2021-10-16 04:02;shuddha;;;
Padmanābha;G;Dvādaśī;2021-10-16 19:15;2021-10-17 18:35;2021-10-16 05:38;2021-10-17 05:38;2021-10-16 17:08;2021-10-17;2021-10-17 04:02;shuddha;;;
Padmanābha;G;Trayodaśī;2021-10-17 18:35;2021-10-18 18:25;2021-10-17 05:38;2021-10-18 05:39;;2021-10-18;2021-10-18 04:03;shuddha;;;
Padmanābha;G;Chaturdaśī;2021-10-18 18:25;2021-10-19 18:45;2021-10-18 05:39;2021-10-19 05:39;;2021-10-19;2021-10-19 04:03;shuddha;;;
Padmanābha;G;Pūrṇimā;2021-10-19 18:45;2021-10-20 19:38;2021-10-19 05:39;2021-10-20 05:40;;2021-10-20;2021-10-20 04:04;shuddha;;;
Dāmodar;K;Pratipad;2021-10-20 19:38;2021-10-21 20:57;2021-10-20 05:40;2021-10-21 05:40;;2021-10-21;2021-10-21 04:04;shuddha;;;
Dāmodar;K;Dvitīya;2021-10-21 20:57;2021-10-22 22:39;2021-10-21 05:40;2021-10-22 05:41;;2021-10-22;2021-10-22 04:05;shuddha;;;
Dāmodar;K;Tṛtīya;2021-10-22 22:39;2021-10-24 00:40;2021-10-22 05:41;2021-10-23 05:41;;2021-10-23;2021-10-23 04:05;shuddha;;;
Dāmodar;K;Chaturthī;2021-10-24 00:40;2021-10-25 02:48;2021-10-24 05:41;2021-10-25 05:42;;2021-10-24;2021-10-24 04:05;shuddha;;;
Dāmodar;K;Pañchamī;2021-10-25 02:48;2021-10-26 04:51;2021-10-25 05:42;2021-10-26 05:42;;2021-10-25;2021-10-25 04:06;shuddha;;;
Dāmodar;K;Śaṣṭhī;2021-10-26 04:51;2021-10-27 06:43;2021-10-26 05:42;2021-10-27 05:43;;2021-10-26;2021-10-26 04:06;sampurna;;;
Dāmodar;K;Saptamī;2021-10-27 06:43;2021-10-28 08:12;2021-10-27 05:43;2021-10-28 05:43;;2021-10-28;2021-10-28 04:07;shuddha;;;
Dāmodar;K;Aṣṭamī;2021-10-28 08:12;2021-10-29 09:16;2021-10-28 05:43;2021-10-29 05:44;;2021-10-29;2021-10-29 04:08;shuddha;;;
Dāmodar;K;Navamī;2021-10-29 09:16;2021-10-30 09:49;2021-10-29 05:44;2021-10-30 05:44;;2021-10-30;2021-10-30 04:08;shuddha;;;
Dāmodar;K;Daśamī;2021-10-30 09:49;2021-10-31 09:51;2021-10-30 05:44;2021-10-31 05:45;;2021-10-31;2021-10-31 04:09;shuddha;;;
Dāmodar;K;Ekādaśī;2021-10-31 09:51;2021-11-01 09:24;2021-10-31 05:45;2021-11-01 05:45;;2021-11-01;2021-11-01 04:09;shuddha;;;
Dāmodar;K;Dvādaśī;2021-11-01 09:24;2021-11-02 08:27;2021-11-01 05:45;2021-11-02 05:46;;2021-11-02;2021-11-02 04:10;shuddha;;;
Dāmodar;K;Trayodaśī;2021-11-02 08:27;2021-11-03 07:06;2021-11-02 05:46;2021-11-03 05:46;2021-11-02 16:56;2021-11-03;2021-11-03 04:10;shuddha;;;
Dāmodar;K;Chaturdaśī;2021-11-03 07:06;2021-11-04 05:22;2021-11-03 05:46;2021-11-04 05:47;;2021-11-04;2021-11-04 04:11;kshaya;;;
Dāmodar;K;Amāvasyā;2021-11-04 05:22;2021-11-05 03:23;2021-11-04 05:47;2021-11-05 05:47;;2021-11-04;2021-11-04 04:11;viddha;;;
Dāmodar;G;Pratipad;2021-11-05 03:23;2021-11-06 01:11;2021-11-05 05:47;2021-11-06 05:48;;2021-11-05;2021-11-05 04:11;shuddha;;;
Dāmodar;G;Dvitīya;2021-11-06 01:11;2021-11-06 22:51;2021-11-06 05:48;2021-11-07 05:49;;2021-11-06;2021-11-06 04:12;shuddha;;;
Dāmodar;G;Tṛtīya;2021-11-06 22:51;2021-11-07 20:28;2021-11-06 05:48;2021-11-07 05:49;;2021-11-07;2021-11-07 04:13;shuddha;;;
Dāmodar;G;Chaturthī;2021-11-07 20:28;2021-11-08 18:08;2021-11-07 05:49;2021-11-08 05:50;;2021-11-08;2021-11-08 04:14;shuddha;;;
Dāmodar;G;Pañchamī;2021-11-08 18:08;2021-11-09 15:54;2021-11-08 05:50;2021-11-09 05:50;;2021-11-09;2021-11-09 04:14;shuddha;;;
Dāmodar;G;Śaṣṭhī;2021-11-09 15:54;2021-11-10 13:51;2021-11-09 05:50;2021-11-10 05:51;;2021-11-10;2021-11-10 04:15;shuddha;;;
Dāmodar;G;Saptamī;2021-11-10 13:51;2021-11-11 12:03;2021-11-10 05:51;2021-11-11 05:52;;2021-11-11;2021-11-11 04:16;shuddha;;;
Dāmodar;G;Aṣṭamī;2021-11-11 12:03;2021-11-12 10:36;2021-11-11 05:52;2021-11-12 05:52;;2021-11-12;2021-11-12 04:16;shuddha;;;
Dāmodar;G;Navamī;2021-11-12 10:36;2021-11-13 09:32;2021-11-12 05:52;2021-11-13 05:53;;2021-11-13;2021-11-13 04:17;shuddha;;;
Dāmodar;G;Daśamī;2021-11-13 09:32;2021-11-14 08:56;2021-11-13 05:53;2021-11-14 05:54;;2021-11-14;2021-11-14 04:18;shuddha;;;
Dāmodar;G;Ekādaśī;2021-11-14 08:56;2021-11-15 08:50;2021-11-14 05:54;2021-11-15 05:54;;2021-11-15;2021-11-15 04:18;shuddha;;;
Dāmodar;G;Dvādaśī;2021-11-15 08:50;2021-11-16 09:14;2021-11-15 05:54;2021-11-16 05:55;2021-11-15 16:50;2021-11-16;2021-11-16 04:19;shuddha;;;
Dāmodar;G;Trayodaśī;2021-11-16 09:14;2021-11-17 10:10;2021-11-16 05:55;2021-11-17 05:56;2021-11-16 16:49;2021-11-17;2021-11-17 04:20;shuddha;;;
Dāmodar;G;Chaturdaśī;2021-11-17 10:10;2021-11-18 11:33;2021-11-17 05:56;2021-11-18 05:57;;2021-11-18;2021-11-18 04:21;shuddha;;;
Dāmodar;G;Pūrṇimā;2021-11-18 11:33;2021-11-19 13:19;2021-11-18 05:57;2021-11-19 05:57;;2021-11-19;2021-11-19 04:21;shuddha;;;
Keśava;K;Pratipad;2021-11-19 13:19;2021-11-20 15:21;2021-11-19 05:57;2021-11-20 05:58;;2021-11-20;2021-11-20 04:22;shuddha;;;
Keśava;K;Dvitīya;2021-11-20 15:21;2021-11-21 17:30;2021-11-20 05:58;2021-11-21 05:59;;2021-11-21;2021-11-21 04:23;shuddha;;;
Keśava;K;Tṛtīya;2021-11-21 17:30;2021-11-22 19:35;2021-11-21 05:59;2021-11-22 06:00;;2021-11-22;2021-11-22 04:24;shuddha;;;
Keśava;K;Chaturthī;2021-11-22 19:35;2021-11-23 21:28;2021-11-22 06:00;2021-11-23 06:01;;2021-11-23;2021-11-23 04:25;shuddha;;;
Keśava;K;Pañchamī;2021-11-23 21:28;2021-11-24 22:58;2021-11-23 06:01;2021-11-24 06:01;;2021-11-24;2021-11-24 04:25;shuddha;;;
Keśava;K;Śaṣṭhī;2021-11-24 22:58;2021-11-26 00:02;2021-11-24 06:01;2021-11-25 06:02;;2021-11-25;2021-11-25 04:26;shuddha;;;
Keśava;K;Saptamī;2021-11-26 00:02;2021-11-27 00:36;2021-11-26 06:02;2021-11-27 06:02;;2021-11-26;2021-11-26 04:26;shuddha;;;
Keśava;K;Aṣṭamī;2021-11-27 00:36;2021-11-28 00:38;2021-11-27 06:02;2021-11-28 06:03;;2021-11-27;2021-11-27 04:26;shuddha;;;
Keśava;K;Navamī;2021-11-28 00:38;2021-11-29 00:10;2021-11-28 06:03;2021-11-29 06:04;;2021-11-28;2021-11-28 04:27;shuddha;;;
Keśava;K;Daśamī;2021-11-29 00:10;2021-11-29 23:14;2021-11-29 06:04;2021-11-30 06:05;;2021-11-29;2021-11-29 04:28;shuddha;;;
Keśava;K;Ekādaśī;2021-11-29 23:14;2021-11-30 21:53;2021-11-29 06:04;2021-11-30 06:05;;2021-11-30;2021-11-30 04:29;shuddha;;;
Keśava;K;Dvādaśī;2021-11-30 21:53;2021-12-01 20:11;2021-11-30 06:05;2021-12-01 06:05;2021-11-30 16:48;2021-12-01;2021-12-01 04:29;shuddha;;;
Keśava;K;Trayodaśī;2021-12-01 20:11;2021-12-02 18:12;2021-12-01 06:05;2021-12-02 06:06;2021-12-01 16:48;2021-12-02;2021-12-02 04:30;shuddha;;;
Keśava;K;Chaturdaśī;2021-12-02 18:12;2021-12-03 16:02;2021-12-02 06:06;2021-12-03 06:07;;2021-12-03;2021-12-03 04:31;shuddha;;;
Keśava;K;Amāvasyā;2021-12-03 16:02;2021-12-04 13:43;2021-12-03 06:07;2021-12-04 06:07;;2021-12-04;2021-12-04 04:31;shuddha;;;
Keśava;G;Pratipad;2021-12-04 13:43;2021-12-05 11:21;2021-12-04 06:07;2021-12-05 06:08;;2021-12-05;2021-12-05 04:32;shuddha;;;
Keśava;G;Dvitīya;2021-12-05 11:21;2021-12-06 09:02;2021-12-05 06:08;2021-12-06 06:09;;2021-12-06;2021-12-06 04:33;shuddha;;;
Keśava;G;Tṛtīya;2021-12-06 09:02;2021-12-07 06:50;2021-12-06 06:09;2021-12-07 06:09;;2021-12-07;2021-12-07 04:33;shuddha;;;
Keśava;G;Chaturthī;2021-12-07 06:50;2021-12-08 04:49;2021-12-07 06:09;2021-12-08 06:10;;2021-12-08;2021-12-08 04:34;kshaya;;;
Keśava;G;Pañchamī;2021-12-08 04:49;2021-12-09 03:04;2021-12-08 06:10;2021-12-09 06:11;;2021-12-08;2021-12-08 04:34;viddha;;;
Keśava;G;Śaṣṭhī;2021-12-09 03:04;2021-12-10 01:40;2021-12-09 06:11;2021-12-10 06:11;;2021-12-09;2021-12-09 04:35;shuddha;;;
Keśava;G;Saptamī;2021-12-10 01:40;2021-12-11 00:40;2021-12-10 06:11;2021-12-11 06:12;;2021-12-10;2021-12-10 04:35;shuddha;;;
Keśava;G;Aṣṭamī;2021-12-11 00:40;2021-12-12 00:07;2021-12-11 06:12;2021-12-12 06:13;;2021-12-11;2021-12-11 04:36;shuddha;;;
Keśava;G;Navamī;2021-12-12 00:07;2021-12-13 00:04;2021-12-12 06:13;2021-12-13 06:13;;2021-12-12;2021-12-12 04:37;shuddha;;;
Keśava;G;Daśamī;2021-12-13 00:04;2021-12-14 00:33;2021-12-13 06:13;2021-12-14 06:14;;2021-12-13;2021-12-13 04:37;shuddha;;;
Keśava;G;Ekādaśī;2021-12-14 00:33;2021-12-15 01:32;2021-12-14 06:14;2021-12-15 06:15;2021-12-14 16:50;2021-12-14;2021-12-14 04:38;shuddha;;;
Keśava;G;Dvādaśī;2021-12-15 01:32;2021-12-16 02:59;2021-12-15 06:15;2021-12-16 06:16;2021-12-15 16:50;2021-12-15;2021-12-15 04:39;shuddha;;;
Keśava;G;Trayodaśī;2021-12-16 02:59;2021-12-17 04:48;2021-12-16 06:16;2021-12-17 06:16;2021-12-16 16:51;2021-12-16;2021-12-16 04:40;shuddha;;;
Keśava;G;Chaturdaśī;2021-12-17 04:48;2021-12-18 06:53;2021-12-17 06:16;2021-12-18 06:17;;2021-12-17;2021-12-17 04:40;sampurna;;;
Keśava;G;Pūrṇimā;2021-12-18 06:53;2021-12-19 09:04;2021-12-18 06:17;2021-12-19 06:18;;2021-12-19;2021-12-19 04:42;shuddha;;;
Nārāyaṇ;K;Pratipad;2021-12-19 09:04;2021-12-20 11:09;2021-12-19 06:18;2021-12-20 06:18;;2021-12-20;2021-12-20 04:42;shuddha;;;
Nārāyaṇ;K;Dvitīya;2021-12-20 11:09;2021-12-21 13:01;2021-12-20 06:18;2021-12-21 06:19;;2021-12-21;2021-12-21 04:43;shuddha;;;
Nārāyaṇ;K;Tṛtīya;2021-12-21 13:01;2021-12-22 14:30;2021-12-21 06:19;2021-12-22 06:20;;2021-12-22;2021-12-22 04:44;shuddha;;;
Nārāyaṇ;K;Chaturthī;2021-12-22 14:30;2021-12-23 15:33;2021-12-22 06:20;2021-12-23 06:21;;2021-12-23;2021-12-23 04:45;shuddha;;;
Nārāyaṇ;K;Pañchamī;2021-12-23 15:33;2021-12-24 16:05;2021-12-23 06:21;2021-12-24 06:21;;2021-12-24;2021-12-24 04:45;shuddha;;;
Nārāyaṇ;K;Śaṣṭhī;2021-12-24 16:05;2021-12-25 16:06;2021-12-24 06:21;2021-12-25 06:21;;2021-12-25;2021-12-25 04:45;shuddha;;;
Nārāyaṇ;K;Saptamī;2021-12-25 16:06;2021-12-26 15:36;2021-12-25 06:21;2021-12-26 06:21;;2021-12-26;2021-12-26 04:45;shuddha;;;
Nārāyaṇ;K;Aṣṭamī;2021-12-26 15:36;2021-12-27 14:39;2021-12-26 06:21;2021-12-27 06:22;;2021-12-27;2021-12-27 04:46;shuddha;;;
Nārāyaṇ;K;Navamī;2021-12-27 14:39;2021-12-28 13:17;2021-12-27 06:22;2021-12-28 06:22;;2021-12-28;2021-12-28 04:46;shuddha;;;
Nārāyaṇ;K;Daśamī;2021-12-28 13:17;2021-12-29 11:34;2021-12-28 06:22;2021-12-29 06:22;;2021-12-29;2021-12-29 04:46;shuddha;;;
Nārāyaṇ;K;Ekādaśī;2021-12-29 11:34;2021-12-30 09:35;2021-12-29 06:22;2021-12-30 06:22;;2021-12-30;2021-12-30 04:46;shuddha;;;
Nārāyaṇ;K;Dvādaśī;2021-12-30 09:35;2021-12-31 07:24;2021-12-30 06:22;2021-12-31 06:23;2021-12-30 16:58;2021-12-31;2021-12-31 04:47;shuddha;;;
Nārāyaṇ;K;Trayodaśī;2021-12-31 07:24;2022-01-01 05:06;2021-12-31 06:23;2022-01-01 06:23;;2022-01-01;2022-01-01 04:47;kshaya;;;
Nārāyaṇ;K;Chaturdaśī;2022-01-01 05:06;2022-01-02 02:44;2022-01-01 06:23;2022-01-02 06:23;;2022-01-01;2022-01-01 04:47;viddha;;;
Nārāyaṇ;K;Amāvasyā;2022-01-02 02:44;2022-01-03 00:26;2022-01-02 06:23;2022-01-03 06:23;;2022-01-02;2022-01-02 04:47;shuddha;;;
Nārāyaṇ;G;Pratipad;2022-01-03 00:26;2022-01-03 22:15;2022-01-03 06:23;2022-01-04 06:24;;2022-01-03;2022-01-03 04:47;shuddha;;;
Nārāyaṇ;G;Dvitīya;2022-01-03 22:15;2022-01-04 20:15;2022-01-03 06:23;2022-01-04 06:24;;2022-01-04;2022-01-04 04:48;shuddha;;;
Nārāyaṇ;G;Tṛtīya;2022-01-04 20:15;2022-01-05 18:32;2022-01-04 06:24;2022-01-05 06:24;;2022-01-05;2022-01-05 04:48;shuddha;;;
Nārāyaṇ;G;Chaturthī;2022-01-05 18:32;2022-01-06 17:11;2022-01-05 06:24;2022-01-06 06:24;;2022-01-06;2022-01-06 04:48;shuddha;;;
Nārāyaṇ;G;Pañchamī;2022-01-06 17:11;2022-01-07 16:13;2022-01-06 06:24;2022-01-07 06:24;;2022-01-07;2022-01-07 04:48;shuddha;;;
Nārāyaṇ;G;Śaṣṭhī;2022-01-07 16:13;2022-01-08 15:43;2022-01-07 06:24;2022-01-08 06:25;;2022-01-08;2022-01-08 04:49;shuddha;;;
Nārāyaṇ;G;Saptamī;2022-01-08 15:43;2022-01-09 15:43;2022-01-08 06:25;2022-01-09 06:25;;2022-01-09;2022-01-09 04:49;shuddha;;;
Nārāyaṇ;G;Aṣṭamī;2022-01-09 15:43;2022-01-10 16:15;2022-01-09 06:25;2022-01-10 06:25;;2022-01-10;2022-01-10 04:49;shuddha;;;
Nārāyaṇ;G;Navamī;2022-01-10 16:15;2022-01-11 17:17;2022-01-10 06:25;2022-01-11 06:25;;2022-01-11;2022-01-11 04:49;shuddha;;;
Nārāyaṇ;G;Daśamī;2022-01-11 17:17;2022-01-12 18:46;2022-01-11 06:25;2022-01-12 06:25;;2022-01-12;2022-01-12 04:49;shuddha;;;
Nārāyaṇ;G;Ekādaśī;2022-01-12 18:46;2022-01-13 20:37;2022-01-12 06:25;2022-01-13 06:25;2022-01-12 17:07;2022-01-13;2022-01-13 04:49;shuddha;rohini;2022-01-13 18:42;2022-01-14 21:14
Nārāyaṇ;G;Dvādaśī;2022-01-13 20:37;2022-01-14 22:43;2022-01-13 06:25;2022-01-14 06:26;2022-01-13 17:08;2022-01-14;2022-01-14 04:50;shuddha;;;
Nārāyaṇ;G;Trayodaśī;2022-01-14 22:43;2022-01-16 00:54;2022-01-14 06:26;2022-01-15 06:26;;2022-01-15;2022-01-15 04:50;shuddha;;;
Nārāyaṇ;G;Chaturdaśī;2022-01-16 00:54;2022-01-17 02:58;2022-01-16 06:26;2022-01-17 06:26;;2022-01-16;2022-01-16 04:50;shuddha;;;
Nārāyaṇ;G;Pūrṇimā;2022-01-17 02:58;2022-01-18 04:48;2022-01-17 06:26;2022-01-18 05:28;;2022-01-17;2022-01-17 04:50;shuddha;;;
Mādhava;K;Pratipad;2022-01-18 04:48;2022-01-19 06:15;2022-01-18 05:28;2022-01-19 06:26;;2022-01-18;2022-01-18 03:52;viddha;;;
Mādhava;K;Dvitīya;2022-01-19 06:15;2022-01-20 07:15;2022-01-19 06:26;2022-01-20 06:26;;2022-01-19;2022-01-19 04:50;sampurna;;;
Mādhava;K;Tṛtīya;2022-01-20 07:15;2022-01-21 07:44;2022-01-20 06:26;2022-01-21 06:26;;2022-01-21;2022-01-21 04:50;shuddha;;;
Mādhava;K;Chaturthī;2022-01-21 07:44;2022-01-22 07:41;2022-01-21 06:26;2022-01-22 06:26;;2022-01-22;2022-01-22 04:50;shuddha;;;
Mādhava;K;Pañchamī;2022-01-22 07:41;2022-01-23 07:09;2022-01-22 06:26;2022-01-23 06:26;;2022-01-23;2022-01-23 04:50;shuddha;;;
Mādhava;K;Śaṣṭhī;2022-01-23 07:09;2022-01-24 06:09;2022-01-23 06:26;2022-01-24 06:26;;2022-01-24;2022-01-24 04:50;kshaya;;;
Mādhava;K;Saptamī;2022-01-24 06:09;2022-01-25 04:44;2022-01-24 06:26;2022-01-25 06:26;;2022-01-24;2022-01-24 04:50;viddha;;;
Mādhava;K;Aṣṭamī;2022-01-25 04:44;2022-01-26 02:59;2022-01-25 06:26;2022-01-26 06:25;;2022-01-25;2022-01-25 04:50;shuddha;;;
Mādhava;K;Navamī;2022-01-26 02:59;2022-01-27 00:58;2022-01-26 06:25;2022-01-27 06:25;;2022-01-26;2022-01-26 04:49;shuddha;;;
Mādhava;K;Daśamī;2022-01-27 00:58;2022-01-27 22:46;2022-01-27 06:25;2022-01-28 06:24;;2022-01-27;2022-01-27 04:49;shuddha;;;
Mādhava;K;Ekādaśī;2022-01-27 22:46;2022-01-28 20:27;2022-01-27 06:25;2022-01-28 06:24;;2022-01-28;2022-01-28 04:48;shuddha;;;
Mādhava;K;Dvādaśī;2022-01-28 20:27;2022-01-29 18:05;2022-01-28 06:24;2022-01-29 06:24;2022-01-28 17:17;2022-01-29;2022-01-29 04:48;shuddha;;;
Mādhava;K;Trayodaśī;2022-01-29 18:05;2022-01-30 15:46;2022-01-29 06:24;2022-01-30 06:24;;2022-01-30;2022-01-30 04:48;shuddha;;;
Mādhava;K;Chaturdaśī;2022-01-30 15:46;2022-01-31 13:35;2022-01-30 06:24;2022-01-31 06:23;;2022-01-31;2022-01-31 04:47;shuddha;;;
Mādhava;K;Amāvasyā;2022-01-31 13:35;2022-02-01 11:36;2022-01-31 06:23;2022-02-01 06:23;;2022-02-01;2022-02-01 04:47;shuddha;;;
Mādhava;G;Pratipad;2022-02-01 11:36;2022-02-02 09:53;2022-02-01 06:23;2022-02-02 06:22;;2022-02-02;2022-02-02 04:46;shuddha;;;
Mādhava;G;Dvitīya;2022-02-02 09:53;2022-02-03 08:33;2022-02-02 06:22;2022-02-03 06:22;;2022-02-03;2022-02-03 04:46;shuddha;;;
Mādhava;G;Tṛtīya;2022-02-03 08:33;2022-02-04 07:36;2022-02-03 06:22;2022-02-04 06:21;;2022-02-04;2022-02-04 04:45;shuddha;;;
Mādhava;G;Chaturthī;2022-02-04 07:36;2022-02-05 07:07;2022-02-04 06:21;2022-02-05 06:21;;2022-02-05;2022-02-05 04:45;shuddha;;;
Mādhava;G;Pañchamī;2022-02-05 07:07;2022-02-06 07:09;2022-02-05 06:21;2022-02-06 06:20;;2022-02-06;2022-02-06 04:44;shuddha;;;
Mādhava;G;Śaṣṭhī;2022-02-06 07:09;2022-02-07 07:42;2022-02-06 06:20;2022-02-07 06:20;;2022-02-07;2022-02-07 04:44;shuddha;;;
Mādhava;G;Saptamī;2022-02-07 07:42;2022-02-08 08:45;2022-02-07 06:20;2022-02-08 06:19;;2022-02-08;2022-02-08 04:43;shuddha;;;
Mādhava;G;Aṣṭamī;2022-02-08 08:45;2022-02-09 10:15;2022-02-08 06:19;2022-02-09 06:19;;2022-02-09;2022-02-09 04:43;shuddha;;;
Mādhava;G;Navamī;2022-02-09 10:15;2022-02-10 12:06;2022-02-09 06:19;2022-02-10 06:18;;2022-02-10;2022-02-10 04:42;shuddha;;;
Mādhava;G;Daśamī;2022-02-10 12:06;2022-02-11 14:11;2022-02-10 06:18;2022-02-11 06:18;;2022-02-11;2022-02-11 04:42;shuddha;;;
Mādhava;G;Ekādaśī;2022-02-11 14:11;2022-02-12 16:20;2022-02-11 06:18;2022-02-12 06:17;;2022-02-12;2022-02-12 04:41;shuddha;;;
Mādhava;G;Dvādaśī;2022-02-12 16:20;2022-02-13 18:23;2022-02-12 06:17;2022-02-13 06:17;2022-02-12 17:27;2022-02-13;2022-02-13 04:41;shuddha;punarvasu;2022-02-13 09:35;2022-02-14 11:56
Mādhava;G;Trayodaśī;2022-02-13 18:23;2022-02-14 20:09;2022-02-13 06:17;2022-02-14 06:16;2022-02-13 17:28;2022-02-14;2022-02-14 04:40;shuddha;;;
Mādhava;G;Chaturdaśī;2022-02-14 20:09;2022-02-15 21:32;2022-02-14 06:16;2022-02-15 06:15;;2022-02-15;2022-02-15 04:39;shuddha;;;
Mādhava;G;Pūrṇimā;2022-02-15 21:32;2022-02-16 22:30;2022-02-15 06:15;2022-02-16 06:15;;2022-02-16;2022-02-16 04:39;shuddha;;;
Govinda;K;Pratipad;2022-02-16 22:30;2022-02-17 22:55;2022-02-16 06:15;2022-02-17 06:14;;2022-02-17;2022-02-17 04:38;shuddha;;;
Govinda;K;Dvitīya;2022-02-17 22:55;2022-02-18 22:49;2022-02-17 06:14;2022-02-18 06:13;;2022-02-18;2022-02-18 04:37;shuddha;;;
Govinda;K;Tṛtīya;2022-02-18 22:49;2022-02-19 22:13;2022-02-18 06:13;2022-02-19 06:13;;2022-02-19;2022-02-19 04:37;shuddha;;;
Govinda;K;Chaturthī;2022-02-19 22:13;2022-02-20 21:09;2022-02-19 06:13;2022-02-20 06:12;;2022-02-20;2022-02-20 04:36;shuddha;;;
Govinda;K;Pañchamī;2022-02-20 21:09;2022-02-21 19:41;2022-02-20 06:12;2022-02-21 06:11;;2022-02-21;2022-02-21 04:35;shuddha;;;
Govinda;K;Śaṣṭhī;2022-02-21 19:41;2022-02-22 17:54;2022-02-21 06:11;2022-02-22 06:11;;2022-02-22;2022-02-22 04:35;shuddha;;;
Govinda;K;Saptamī;2022-02-22 17:54;2022-02-23 15:50;2022-02-22 06:11;2022-02-23 06:10;;2022-02-23;2022-02-23 04:34;shuddha;;;
Govinda;K;Aṣṭamī;2022-02-23 15:50;2022-02-24 13:36;2022-02-23 06:10;2022-02-24 06:09;;2022-02-24;2022-02-24 04:33;shuddha;;;
Govinda;K;Navamī;2022-02-24 13:36;2022-02-25 11:15;2022-02-24 06:09;2022-02-25 06:08;;2022-02-25;2022-02-25 04:32;shuddha;;;
Govinda;K;Daśamī;2022-02-25 11:15;2022-02-26 08:51;2022-02-25 06:08;2022-02-26 06:07;;2022-02-26;2022-02-26 04:31;shuddha;;;
Govinda;K;Ekādaśī;2022-02-26 08:51;2022-02-27 06:31;2022-02-26 06:07;2022-02-27 06:06;;2022-02-27;2022-02-27 04:30;shuddha;;;
Govinda;K;Dvādaśī;2022-02-27 06:31;2022-02-28 04:21;2022-02-27 06:06;2022-02-28 06:05;2022-02-27 17:35;2022-02-28;2022-02-28 04:29;kshaya;;;
Govinda;K;Trayodaśī;2022-02-28 04:21;2022-03-01 02:22;2022-02-28 06:05;2022-03-01 06:05;;2022-02-28;2022-02-28 04:29;shuddha;;;
Govinda;K;Chaturdaśī;2022-03-01 02:22;2022-03-02 00:39;2022-03-01 06:05;2022-03-02 06:04;;2022-03-01;2022-03-01 04:29;shuddha;;;
Govinda;K;Amāvasyā;2022-03-02 00:39;2022-03-02 23:19;2022-03-02 06:04;2022-03-03 06:03;;2022-03-02;2022-03-02 04:28;shuddha;;;
Govinda;G;Pratipad;2022-03-02 23:19;2022-03-03 22:22;2022-03-02 06:04;2022-03-03 06:03;;2022-03-03;2022-03-03 04:27;shuddha;;;
Govinda;G;Dvitīya;2022-03-03 22:22;2022-03-04 21:54;2022-03-03 06:03;2022-03-04 06:02;;2022-03-04;2022-03-04 04:26;shuddha;;;
Govinda;G;Tṛtīya;2022-03-04 21:54;2022-03-05 21:55;2022-03-04 06:02;2022-03-05 06:01;;2022-03-05;2022-03-05 04:25;shuddha;;;
Govinda;G;Chaturthī;2022-03-05 21:55;2022-03-06 22:28;2022-03-05 06:01;2022-03-06 06:00;;2022-03-06;2022-03-06 04:24;shuddha;;;
Govinda;G;Pañchamī;2022-03-06 22:28;2022-03-07 23:31;2022-03-06 06:00;2022-03-07 05:59;;2022-03-07;2022-03-07 04:23;shuddha;;;
Govinda;G;Śaṣṭhī;2022-03-07 23:31;2022-03-09 01:00;2022-03-07 05:59;2022-03-08 05:58;;2022-03-08;2022-03-08 04:22;shuddha;;;
Govinda;G;Saptamī;2022-03-09 01:00;2022-03-10 02:49;2022-03-09 05:57;2022-03-10 05:56;;2022-03-09;2022-03-09 04:21;shuddha;;;
Govinda;G;Aṣṭamī;2022-03-10 02:49;2022-03-11 04:53;2022-03-10 05:56;2022-03-11 05:55;;2022-03-10;2022-03-10 04:20;shuddha;;;
Govinda;G;Navamī;2022-03-11 04:53;2022-03-12 06:59;2022-03-11 05:55;2022-03-12 05:54;;2022-03-11;2022-03-11 04:19;sampurna;;;
Govinda;G;Daśamī;2022-03-12 06:59;2022-03-13 08:59;2022-03-12 05:54;2022-03-13 05:54;;2022-03-13;2022-03-13 04:18;shuddha;pushya;2022-03-13 19:05;2022-03-14 21:11
Govinda;G;Ekādaśī;2022-03-13 08:59;2022-03-14 10:43;2022-03-13 05:54;2022-03-14 05:53;;2022-03-14;2022-03-14 04:17;shuddha;;;
Govinda;G;Dvādaśī;2022-03-14 10:43;2022-03-15 12:03;2022-03-14 05:53;2022-03-15 05:52;2022-03-14 17:42;2022-03-15;2022-03-15 04:16;shuddha;;;
Govinda;G;Trayodaśī;2022-03-15 12:03;2022-03-16 12:56;2022-03-15 05:52;2022-03-16 05:51;2022-03-15 17:42;2022-03-16;2022-03-16 04:15;shuddha;;;
Govinda;G;Chaturdaśī;2022-03-16 12:56;2022-03-17 13:18;2022-03-16 05:51;2022-03-17 05:50;;2022-03-17;2022-03-17 04:14;shuddha;;;
Govinda;G;Pūrṇimā;2022-03-17 13:18;2022-03-18 13:08;2022-03-17 05:50;;;2022-03-18;;shuddha;;;
