masa;paksha;tithi;start;end;start_sunrise;next_day_sunrise;third_day_sunrise;date;type
Viṣṇu;K;Pratipad;;2021-03-29 11:22;;;;2021-03-29;shuddha
Viṣṇu;K;Dvitīya;2021-03-29 11:22;2021-03-30 09:06;2021-03-29 06:57;2021-03-30 06:56;2021-03-31 06:54;2021-03-30;shuddha
Viṣṇu;K;Tṛtīya;2021-03-30 09:06;2021-03-31 06:43;2021-03-30 06:56;2021-03-31 06:54;2021-04-01 06:53;2021-03-30;kshaya
Viṣṇu;K;Chaturthī;2021-03-31 06:43;2021-04-01 04:18;2021-03-31 06:54;2021-04-01 06:53;2021-04-02 06:51;2021-03-31;shuddha
Viṣṇu;K;Pañchamī;2021-04-01 04:18;2021-04-02 01:56;2021-04-01 06:53;2021-04-02 06:51;2021-04-03 06:50;2021-04-01;shuddha
Viṣṇu;K;Śaṣṭhī;2021-04-02 01:56;2021-04-02 23:42;2021-04-02 06:51;2021-04-03 06:50;2021-04-04 06:48;2021-04-02;shuddha
Viṣṇu;K;Saptamī;2021-04-02 23:42;2021-04-03 21:39;2021-04-02 06:51;2021-04-03 06:50;2021-04-04 06:48;2021-04-03;shuddha
Viṣṇu;K;Aṣṭamī;2021-04-03 21:39;2021-04-04 19:52;2021-04-03 06:50;2021-04-04 06:48;2021-04-05 06:47;2021-04-04;shuddha
Viṣṇu;K;Navamī;2021-04-04 19:52;2021-04-05 18:27;2021-04-04 06:48;2021-04-05 06:47;2021-04-06 06:45;2021-04-05;shuddha
Viṣṇu;K;Daśamī;2021-04-05 18:27;2021-04-06 17:27;2021-04-05 06:47;2021-04-06 06:45;2021-04-07 06:44;2021-04-06;shuddha
Viṣṇu;K;Ekādaśī;2021-04-06 17:27;2021-04-07 16:54;2021-04-06 06:45;2021-04-07 06:44;2021-04-08 06:42;2021-04-07;shuddha
Viṣṇu;K;Dvādaśī;2021-04-07 16:54;2021-04-08 16:51;2021-04-07 06:44;2021-04-08 06:42;2021-04-09 06:41;2021-04-08;shuddha
Viṣṇu;K;Trayodaśī;2021-04-08 16:51;2021-04-09 17:19;2021-04-08 06:42;2021-04-09 06:41;2021-04-10 06:40;2021-04-09;shuddha
Viṣṇu;K;Chaturdaśī;2021-04-09 17:19;2021-04-10 18:17;2021-04-09 06:41;2021-04-10 06:40;2021-04-11 06:38;2021-04-10;shuddha
Viṣṇu;K;Amāvasyā;2021-04-10 18:17;2021-04-11 19:42;2021-04-10 06:40;2021-04-11 06:38;2021-04-12 06:37;2021-04-11;shuddha
Viṣṇu;G;Pratipad;2021-04-11 19:42;2021-04-12 21:24;2021-04-11 06:38;2021-04-12 06:37;2021-04-13 06:35;2021-04-12;shuddha
Viṣṇu;G;Dvitīya;2021-04-12 21:24;2021-04-13 23:30;2021-04-12 06:37;2021-04-13 06:35;2021-04-14 06:34;2021-04-13;shuddha
Viṣṇu;G;Tṛtīya;2021-04-13 23:30;2021-04-15 01:35;2021-04-13 06:35;2021-04-14 06:34;2021-04-15 06:33;2021-04-15;shuddha
Viṣṇu;G;Chaturthī;2021-04-15 01:35;2021-04-16 03:32;2021-04-15 06:33;2021-04-16 06:31;2021-04-17 06:30;2021-04-15;shuddha
Viṣṇu;G;Pañchamī;2021-04-16 03:32;2021-04-17 05:15;2021-04-16 06:31;2021-04-17 06:30;2021-04-18 06:29;2021-04-16;shuddha
Viṣṇu;G;Śaṣṭhī;2021-04-17 05:15;2021-04-18 06:34;2021-04-17 06:30;2021-04-18 06:29;2021-04-19 06:27;2021-04-17;sampurna
Viṣṇu;G;Saptamī;2021-04-18 06:34;2021-04-19 07:27;2021-04-18 06:29;2021-04-19 06:27;2021-04-20 06:26;2021-04-19;shuddha
Viṣṇu;G;Aṣṭamī;2021-04-19 07:27;2021-04-20 07:48;2021-04-19 06:27;2021-04-20 06:26;2021-04-21 06:25;2021-04-20;shuddha
Viṣṇu;G;Navamī;2021-04-20 07:48;2021-04-21 07:39;2021-04-20 06:26;2021-04-21 06:25;2021-04-22 06:23;2021-04-21;shuddha
Viṣṇu;G;Daśamī;2021-04-21 07:39;2021-04-22 07:00;2021-04-21 06:25;2021-04-22 06:23;2021-04-23 06:22;2021-04-22;shuddha
Viṣṇu;G;Ekādaśī;2021-04-22 07:00;2021-04-23 05:54;2021-04-22 06:23;2021-04-23 06:22;2021-04-24 06:21;2021-04-22;kshaya
Viṣṇu;G;Dvādaśī;2021-04-23 05:54;2021-04-24 04:24;2021-04-23 06:22;2021-04-24 06:21;2021-04-25 06:20;2021-04-23;shuddha
Viṣṇu;G;Trayodaśī;2021-04-24 04:24;2021-04-25 02:34;2021-04-24 06:21;2021-04-25 06:20;2021-04-26 06:18;2021-04-24;shuddha
Viṣṇu;G;Chaturdaśī;2021-04-25 02:34;2021-04-26 00:28;2021-04-25 06:20;2021-04-26 06:18;2021-04-27 06:17;2021-04-25;shuddha
Viṣṇu;G;Pūrṇimā;2021-04-26 00:28;2021-04-26 22:11;2021-04-26 06:18;2021-04-27 06:17;2021-04-28 06:16;2021-04-26;shuddha
Madhusūdan;K;Pratipad;2021-04-26 22:11;2021-04-27 19:47;2021-04-26 06:18;2021-04-27 06:17;2021-04-28 06:16;2021-04-27;shuddha
Madhusūdan;K;Dvitīya;2021-04-27 19:47;2021-04-28 17:21;2021-04-27 06:17;2021-04-28 06:16;2021-04-29 06:15;2021-04-28;shuddha
Madhusūdan;K;Tṛtīya;2021-04-28 17:21;2021-04-29 14:56;2021-04-28 06:16;2021-04-29 06:15;2021-04-30 06:14;2021-04-29;shuddha
Madhusūdan;K;Chaturthī;2021-04-29 14:56;2021-04-30 12:40;2021-04-29 06:15;2021-04-30 06:14;2021-05-01 06:13;2021-04-30;shuddha
Madhusūdan;K;Pañchamī;2021-04-30 12:40;2021-05-01 10:35;2021-04-30 06:14;2021-05-01 06:13;2021-05-02 06:12;2021-05-01;shuddha
Madhusūdan;K;Śaṣṭhī;2021-05-01 10:35;2021-05-02 08:47;2021-05-01 06:13;2021-05-02 06:12;2021-05-03 06:10;2021-05-02;shuddha
Madhusūdan;K;Saptamī;2021-05-02 08:47;2021-05-03 07:21;2021-05-02 06:12;2021-05-03 06:10;2021-05-04 06:09;2021-05-03;shuddha
Madhusūdan;K;Aṣṭamī;2021-05-03 07:21;2021-05-04 06:18;2021-05-03 06:10;2021-05-04 06:09;2021-05-05 06:08;2021-05-04;shuddha
Madhusūdan;K;Navamī;2021-05-04 06:18;2021-05-05 05:42;2021-05-04 06:09;2021-05-05 06:08;2021-05-06 06:07;2021-05-04;kshaya
Madhusūdan;K;Daśamī;2021-05-05 05:42;2021-05-06 05:38;2021-05-05 06:08;2021-05-06 06:07;2021-05-07 06:06;2021-05-05;shuddha
Madhusūdan;K;Ekādaśī;2021-05-06 05:38;2021-05-07 06:04;2021-05-06 06:07;2021-05-07 06:06;2021-05-08 06:05;2021-05-06;shuddha
Madhusūdan;K;Dvādaśī;2021-05-07 06:04;2021-05-08 07:00;2021-05-07 06:06;2021-05-08 06:05;2021-05-09 06:04;2021-05-07;sampurna
Madhusūdan;K;Trayodaśī;2021-05-08 07:00;2021-05-09 08:23;2021-05-08 06:05;2021-05-09 06:04;2021-05-10 06:03;2021-05-09;shuddha
Madhusūdan;K;Chaturdaśī;2021-05-09 08:23;2021-05-10 10:07;2021-05-09 06:04;2021-05-10 06:03;2021-05-11 06:02;2021-05-10;shuddha
Madhusūdan;K;Amāvasyā;2021-05-10 10:07;2021-05-11 12:06;2021-05-10 06:03;2021-05-11 06:02;2021-05-12 06:02;2021-05-11;shuddha
Madhusūdan;G;Pratipad;2021-05-11 12:06;2021-05-12 14:10;2021-05-11 06:02;2021-05-12 06:02;2021-05-13 06:01;2021-05-12;shuddha
Madhusūdan;G;Dvitīya;2021-05-12 14:10;2021-05-13 16:06;2021-05-12 06:02;2021-05-13 06:01;2021-05-14 06:00;2021-05-13;shuddha
Madhusūdan;G;Tṛtīya;2021-05-13 16:06;2021-05-14 17:47;2021-05-13 06:01;2021-05-14 06:00;2021-05-15 05:59;2021-05-14;shuddha
Madhusūdan;G;Chaturthī;2021-05-14 17:47;2021-05-15 19:05;2021-05-14 06:00;2021-05-15 05:59;2021-05-16 05:58;2021-05-15;shuddha
Madhusūdan;G;Pañchamī;2021-05-15 19:05;2021-05-16 19:57;2021-05-15 05:59;2021-05-16 05:58;2021-05-17 05:57;2021-05-16;shuddha
Madhusūdan;G;Śaṣṭhī;2021-05-16 19:57;2021-05-17 20:18;2021-05-16 05:58;2021-05-17 05:57;2021-05-18 05:57;2021-05-17;shuddha
Madhusūdan;G;Saptamī;2021-05-17 20:18;2021-05-18 20:08;2021-05-17 05:57;2021-05-18 05:57;2021-05-19 05:56;2021-05-18;shuddha
Madhusūdan;G;Aṣṭamī;2021-05-18 20:08;2021-05-19 19:29;2021-05-18 05:57;2021-05-19 05:56;2021-05-20 05:55;2021-05-19;shuddha
Madhusūdan;G;Navamī;2021-05-19 19:29;2021-05-20 18:22;2021-05-19 05:56;2021-05-20 05:55;2021-05-21 05:55;2021-05-20;shuddha
Madhusūdan;G;Daśamī;2021-05-20 18:22;2021-05-21 16:52;2021-05-20 05:55;2021-05-21 05:55;2021-05-22 05:54;2021-05-21;shuddha
Madhusūdan;G;Ekādaśī;2021-05-21 16:52;2021-05-22 15:01;2021-05-21 05:55;2021-05-22 05:54;2021-05-23 05:53;2021-05-22;shuddha
Madhusūdan;G;Dvādaśī;2021-05-22 15:01;2021-05-23 12:54;2021-05-22 05:54;2021-05-23 05:53;2021-05-24 05:53;2021-05-23;shuddha
Madhusūdan;G;Trayodaśī;2021-05-23 12:54;2021-05-24 10:36;2021-05-23 05:53;2021-05-24 05:53;2021-05-25 05:52;2021-05-24;shuddha
Madhusūdan;G;Chaturdaśī;2021-05-24 10:36;2021-05-25 08:11;2021-05-24 05:53;2021-05-25 05:52;2021-05-26 05:52;2021-05-25;shuddha
Madhusūdan;G;Pūrṇimā;2021-05-25 08:11;2021-05-26 05:44;2021-05-25 05:52;2021-05-26 05:52;2021-05-27 05:51;2021-05-25;kshaya
Trivikram;K;Pratipad;2021-05-26 05:44;2021-05-27 03:19;2021-05-26 05:52;2021-05-27 05:51;2021-05-28 05:51;2021-05-26;shuddha
Trivikram;K;Dvitīya;2021-05-27 03:19;2021-05-28 01:02;2021-05-27 05:51;2021-05-28 05:51;2021-05-29 05:50;2021-05-27;shuddha
Trivikram;K;Tṛtīya;2021-05-28 01:02;2021-05-28 22:55;2021-05-28 05:51;2021-05-29 05:50;2021-05-30 05:50;2021-05-28;shuddha
Trivikram;K;Chaturthī;2021-05-28 22:55;2021-05-29 21:05;2021-05-28 05:51;2021-05-29 05:50;2021-05-30 05:50;2021-05-29;shuddha
Trivikram;K;Pañchamī;2021-05-29 21:05;2021-05-30 19:36;2021-05-29 05:50;2021-05-30 05:50;2021-05-31 05:49;2021-05-30;shuddha
Trivikram;K;Śaṣṭhī;2021-05-30 19:36;2021-05-31 18:31;2021-05-30 05:50;2021-05-31 05:49;2021-06-01 05:49;2021-05-31;shuddha
Trivikram;K;Saptamī;2021-05-31 18:31;2021-06-01 17:53;2021-05-31 05:49;2021-06-01 05:49;2021-06-02 05:49;2021-06-01;shuddha
Trivikram;K;Aṣṭamī;2021-06-01 17:53;2021-06-02 17:46;2021-06-01 05:49;2021-06-02 05:49;2021-06-03 05:48;2021-06-02;shuddha
Trivikram;K;Navamī;2021-06-02 17:46;2021-06-03 18:09;2021-06-02 05:49;2021-06-03 05:48;2021-06-04 05:48;2021-06-03;shuddha
Trivikram;K;Daśamī;2021-06-03 18:09;2021-06-04 19:03;2021-06-03 05:48;2021-06-04 05:48;2021-06-05 05:48;2021-06-04;shuddha
Trivikram;K;Ekādaśī;2021-06-04 19:03;2021-06-05 20:23;2021-06-04 05:48;2021-06-05 05:48;2021-06-06 05:48;2021-06-05;shuddha
Trivikram;K;Dvādaśī;2021-06-05 20:23;2021-06-06 22:05;2021-06-05 05:48;2021-06-06 05:48;2021-06-07 05:48;2021-06-06;shuddha
Trivikram;K;Trayodaśī;2021-06-06 22:05;2021-06-08 00:01;2021-06-06 05:48;2021-06-07 05:48;2021-06-08 05:47;2021-06-08;shuddha
Trivikram;K;Chaturdaśī;2021-06-08 00:01;2021-06-09 02:04;2021-06-08 05:47;2021-06-09 05:47;2021-06-10 05:47;2021-06-08;shuddha
Trivikram;K;Amāvasyā;2021-06-09 02:04;2021-06-10 03:59;2021-06-09 05:47;2021-06-10 05:47;2021-06-11 05:47;2021-06-09;shuddha
Trivikram;G;Pratipad;2021-06-10 03:59;2021-06-11 05:41;2021-06-10 05:47;2021-06-11 05:47;2021-06-12 05:47;2021-06-10;shuddha
Trivikram;G;Dvitīya;2021-06-11 05:41;2021-06-12 07:00;2021-06-11 05:47;2021-06-12 05:47;2021-06-13 05:47;2021-06-11;sampurna
Trivikram;G;Tṛtīya;2021-06-12 07:00;2021-06-13 07:53;2021-06-12 05:47;2021-06-13 05:47;2021-06-14 05:47;2021-06-13;shuddha
Trivikram;G;Chaturthī;2021-06-13 07:53;2021-06-14 08:15;2021-06-13 05:47;2021-06-14 05:47;2021-06-15 05:47;2021-06-14;shuddha
Trivikram;G;Pañchamī;2021-06-14 08:15;2021-06-15 08:06;2021-06-14 05:47;2021-06-15 05:47;2021-06-16 05:47;2021-06-15;shuddha
Trivikram;G;Śaṣṭhī;2021-06-15 08:06;2021-06-16 07:28;2021-06-15 05:47;2021-06-16 05:47;2021-06-17 05:47;2021-06-16;shuddha
Trivikram;G;Saptamī;2021-06-16 07:28;2021-06-17 06:22;2021-06-16 05:47;2021-06-17 05:47;2021-06-18 05:47;2021-06-17;shuddha
Trivikram;G;Aṣṭamī;2021-06-17 06:22;2021-06-18 04:51;2021-06-17 05:47;2021-06-18 05:47;2021-06-19 05:48;2021-06-17;kshaya
Trivikram;G;Navamī;2021-06-18 04:51;2021-06-19 03:00;2021-06-18 05:47;2021-06-19 05:48;2021-06-20 05:48;2021-06-18;shuddha
Trivikram;G;Daśamī;2021-06-19 03:00;2021-06-20 00:54;2021-06-19 05:48;2021-06-20 05:48;2021-06-21 05:48;2021-06-19;shuddha
Trivikram;G;Ekādaśī;2021-06-20 00:54;2021-06-20 22:35;2021-06-20 05:48;2021-06-21 05:48;2021-06-22 05:48;2021-06-20;shuddha
Trivikram;G;Dvādaśī;2021-06-20 22:35;2021-06-21 20:09;2021-06-20 05:48;2021-06-21 05:48;2021-06-22 05:48;2021-06-21;shuddha
Trivikram;G;Trayodaśī;2021-06-21 20:09;2021-06-22 17:40;2021-06-21 05:48;2021-06-22 05:48;2021-06-23 05:49;2021-06-22;shuddha
Trivikram;G;Chaturdaśī;2021-06-22 17:40;2021-06-23 15:14;2021-06-22 05:48;2021-06-23 05:49;2021-06-24 05:49;2021-06-23;shuddha
Trivikram;G;Pūrṇimā;2021-06-23 15:14;2021-06-24 12:56;2021-06-23 05:49;2021-06-24 05:49;2021-06-25 05:49;2021-06-24;shuddha
Vāman;K;Pratipad;2021-06-24 12:56;2021-06-25 10:48;2021-06-24 05:49;2021-06-25 05:49;2021-06-26 05:50;2021-06-25;shuddha
Vāman;K;Dvitīya;2021-06-25 10:48;2021-06-26 08:57;2021-06-25 05:49;2021-06-26 05:50;2021-06-27 05:50;2021-06-26;shuddha
Vāman;K;Tṛtīya;2021-06-26 08:57;2021-06-27 07:26;2021-06-26 05:50;2021-06-27 05:50;2021-06-28 05:50;2021-06-27;shuddha
Vāman;K;Chaturthī;2021-06-27 07:26;2021-06-28 06:19;2021-06-27 05:50;2021-06-28 05:50;2021-06-29 05:51;2021-06-28;shuddha
Vāman;K;Pañchamī;2021-06-28 06:19;2021-06-29 05:38;2021-06-28 05:50;2021-06-29 05:51;2021-06-30 05:51;2021-06-28;kshaya
Vāman;K;Śaṣṭhī;2021-06-29 05:38;2021-06-30 05:28;2021-06-29 05:51;2021-06-30 05:51;2021-07-01 05:52;2021-06-29;shuddha
Vāman;K;Saptamī;2021-06-30 05:28;2021-07-01 05:49;2021-06-30 05:51;2021-07-01 05:52;2021-07-02 05:52;2021-06-30;shuddha
Vāman;K;Aṣṭamī;2021-07-01 05:49;2021-07-02 06:40;2021-07-01 05:52;2021-07-02 05:52;2021-07-03 05:53;2021-07-01;sampurna
Vāman;K;Navamī;2021-07-02 06:40;2021-07-03 07:58;2021-07-02 05:52;2021-07-03 05:53;2021-07-04 05:53;2021-07-03;shuddha
Vāman;K;Daśamī;2021-07-03 07:58;2021-07-04 09:37;2021-07-03 05:53;2021-07-04 05:53;2021-07-05 05:54;2021-07-04;shuddha
Vāman;K;Ekādaśī;2021-07-04 09:37;2021-07-05 11:33;2021-07-04 05:53;2021-07-05 05:54;2021-07-06 05:54;2021-07-05;shuddha
Vāman;K;Dvādaśī;2021-07-05 11:33;2021-07-06 13:34;2021-07-05 05:54;2021-07-06 05:54;2021-07-07 05:55;2021-07-06;shuddha
Vāman;K;Trayodaśī;2021-07-06 13:34;2021-07-07 15:30;2021-07-06 05:54;2021-07-07 05:55;2021-07-08 05:55;2021-07-07;shuddha
Vāman;K;Chaturdaśī;2021-07-07 15:30;2021-07-08 17:13;2021-07-07 05:55;2021-07-08 05:55;2021-07-09 05:56;2021-07-08;shuddha
Vāman;K;Amāvasyā;2021-07-08 17:13;2021-07-09 18:33;2021-07-08 05:55;2021-07-09 05:56;2021-07-10 05:57;2021-07-09;shuddha
Vāman;G;Pratipad;2021-07-09 18:33;2021-07-10 19:28;2021-07-09 05:56;2021-07-10 05:57;2021-07-11 05:57;2021-07-10;shuddha
Vāman;G;Dvitīya;2021-07-10 19:28;2021-07-11 19:52;2021-07-10 05:57;2021-07-11 05:57;2021-07-12 05:58;2021-07-11;shuddha
Vāman;G;Tṛtīya;2021-07-11 19:52;2021-07-12 19:46;2021-07-11 05:57;2021-07-12 05:58;2021-07-13 05:58;2021-07-12;shuddha
Vāman;G;Chaturthī;2021-07-12 19:46;2021-07-13 19:09;2021-07-12 05:58;2021-07-13 05:58;2021-07-14 05:59;2021-07-13;shuddha
Vāman;G;Pañchamī;2021-07-13 19:09;2021-07-14 18:05;2021-07-13 05:58;2021-07-14 05:59;2021-07-15 06:00;2021-07-14;shuddha
Vāman;G;Śaṣṭhī;2021-07-14 18:05;2021-07-15 16:36;2021-07-14 05:59;2021-07-15 06:00;2021-07-16 06:01;2021-07-15;shuddha
Vāman;G;Saptamī;2021-07-15 16:36;2021-07-16 14:46;2021-07-15 06:00;2021-07-16 06:01;2021-07-17 06:01;2021-07-16;shuddha
Vāman;G;Aṣṭamī;2021-07-16 14:46;2021-07-17 12:40;2021-07-16 06:01;2021-07-17 06:01;2021-07-18 06:02;2021-07-17;shuddha
Vāman;G;Navamī;2021-07-17 12:40;2021-07-18 10:23;2021-07-17 06:01;2021-07-18 06:02;2021-07-19 06:03;2021-07-18;shuddha
Vāman;G;Daśamī;2021-07-18 10:23;2021-07-19 07:57;2021-07-18 06:02;2021-07-19 06:03;2021-07-20 06:03;2021-07-19;shuddha
Vāman;G;Ekādaśī;2021-07-19 07:57;2021-07-20 05:28;2021-07-19 06:03;2021-07-20 06:03;2021-07-21 06:04;2021-07-19;kshaya
Vāman;G;Dvādaśī;2021-07-20 05:28;2021-07-21 03:01;2021-07-20 06:03;2021-07-21 06:04;2021-07-22 06:05;2021-07-20;shuddha
Vāman;G;Trayodaśī;2021-07-21 03:01;2021-07-22 00:41;2021-07-21 06:04;2021-07-22 06:05;2021-07-23 06:06;2021-07-21;shuddha
Vāman;G;Chaturdaśī;2021-07-22 00:41;2021-07-22 22:33;2021-07-22 06:05;2021-07-23 06:06;2021-07-24 06:07;2021-07-22;shuddha
Vāman;G;Pūrṇimā;2021-07-22 22:33;2021-07-23 20:39;2021-07-22 06:05;2021-07-23 06:06;2021-07-24 06:07;2021-07-23;shuddha
Śrīdhar;K;Pratipad;2021-07-23 20:39;2021-07-24 19:07;2021-07-23 06:06;2021-07-24 06:07;2021-07-25 06:07;2021-07-24;shuddha
Śrīdhar;K;Dvitīya;2021-07-24 19:07;2021-07-25 18:07;2021-07-24 06:07;2021-07-25 06:07;2021-07-26 06:08;2021-07-25;shuddha
Śrīdhar;K;Tṛtīya;2021-07-25 18:07;2021-07-26 17:15;2021-07-25 06:07;2021-07-26 06:08;2021-07-27 06:09;2021-07-26;shuddha
Śrīdhar;K;Chaturthī;2021-07-26 17:15;2021-07-27 17:03;2021-07-26 06:08;2021-07-27 06:09;2021-07-28 06:10;2021-07-27;shuddha
Śrīdhar;K;Pañchamī;2021-07-27 17:03;2021-07-28 17:22;2021-07-27 06:09;2021-07-28 06:10;2021-07-29 06:10;2021-07-28;shuddha
Śrīdhar;K;Śaṣṭhī;2021-07-28 17:22;2021-07-29 18:12;2021-07-28 06:10;2021-07-29 06:10;2021-07-30 06:11;2021-07-29;shuddha
Śrīdhar;K;Saptamī;2021-07-29 18:12;2021-07-30 19:29;2021-07-29 06:10;2021-07-30 06:11;2021-07-31 06:12;2021-07-30;shuddha
Śrīdhar;K;Aṣṭamī;2021-07-30 19:29;2021-07-31 21:07;2021-07-30 06:11;2021-07-31 06:12;2021-08-01 06:13;2021-07-31;shuddha
Śrīdhar;K;Navamī;2021-07-31 21:07;2021-08-01 23:03;2021-07-31 06:12;2021-08-01 06:13;2021-08-02 06:14;2021-08-01;shuddha
Śrīdhar;K;Daśamī;2021-08-01 23:03;2021-08-03 01:04;2021-08-01 06:13;2021-08-02 06:14;2021-08-03 06:15;2021-08-03;shuddha
Śrīdhar;K;Ekādaśī;2021-08-03 01:04;2021-08-04 03:02;2021-08-03 06:15;2021-08-04 06:15;2021-08-05 06:16;2021-08-03;shuddha
Śrīdhar;K;Dvādaśī;2021-08-04 03:02;2021-08-05 04:46;2021-08-04 06:15;2021-08-05 06:16;2021-08-06 06:17;2021-08-04;shuddha
Śrīdhar;K;Trayodaśī;2021-08-05 04:46;2021-08-06 06:08;2021-08-05 06:16;2021-08-06 06:17;2021-08-07 06:18;2021-08-05;shuddha
Śrīdhar;K;Chaturdaśī;2021-08-06 06:08;2021-08-07 07:06;2021-08-06 06:17;2021-08-07 06:18;2021-08-08 06:19;2021-08-06;sampurna
Śrīdhar;K;Amāvasyā;2021-08-07 07:06;2021-08-08 07:32;2021-08-07 06:18;2021-08-08 06:19;2021-08-09 06:20;2021-08-08;shuddha
Śrīdhar;G;Pratipad;2021-08-08 07:32;2021-08-09 07:28;2021-08-08 06:19;2021-08-09 06:20;2021-08-10 06:20;2021-08-09;shuddha
Śrīdhar;G;Dvitīya;2021-08-09 07:28;2021-08-10 06:54;2021-08-09 06:20;2021-08-10 06:20;2021-08-11 06:21;2021-08-10;shuddha
Śrīdhar;G;Tṛtīya;2021-08-10 06:54;2021-08-11 05:52;2021-08-10 06:20;2021-08-11 06:21;2021-08-12 06:22;2021-08-10;kshaya
Śrīdhar;G;Chaturthī;2021-08-11 05:52;2021-08-12 04:26;2021-08-11 06:21;2021-08-12 06:22;2021-08-13 06:23;2021-08-11;shuddha
Śrīdhar;G;Pañchamī;2021-08-12 04:26;2021-08-13 02:38;2021-08-12 06:22;2021-08-13 06:23;2021-08-14 06:24;2021-08-12;shuddha
Śrīdhar;G;Śaṣṭhī;2021-08-13 02:38;2021-08-14 00:34;2021-08-13 06:23;2021-08-14 06:24;2021-08-15 06:25;2021-08-13;shuddha
Śrīdhar;G;Saptamī;2021-08-14 00:34;2021-08-14 22:18;2021-08-14 06:24;2021-08-15 06:25;2021-08-16 06:25;2021-08-14;shuddha
Śrīdhar;G;Aṣṭamī;2021-08-14 22:18;2021-08-15 19:53;2021-08-14 06:24;2021-08-15 06:25;2021-08-16 06:25;2021-08-15;shuddha
Śrīdhar;G;Navamī;2021-08-15 19:53;2021-08-16 17:24;2021-08-15 06:25;2021-08-16 06:25;2021-08-17 06:26;2021-08-16;shuddha
Śrīdhar;G;Daśamī;2021-08-16 17:24;2021-08-17 14:58;2021-08-16 06:25;2021-08-17 06:26;2021-08-18 06:27;2021-08-17;shuddha
Śrīdhar;G;Ekādaśī;2021-08-17 14:58;2021-08-18 12:39;2021-08-17 06:26;2021-08-18 06:27;2021-08-19 06:28;2021-08-18;shuddha
Śrīdhar;G;Dvādaśī;2021-08-18 12:39;2021-08-19 10:30;2021-08-18 06:27;2021-08-19 06:28;2021-08-20 06:29;2021-08-19;shuddha
Śrīdhar;G;Trayodaśī;2021-08-19 10:30;2021-08-20 08:37;2021-08-19 06:28;2021-08-20 06:29;2021-08-21 06:30;2021-08-20;shuddha
Śrīdhar;G;Chaturdaśī;2021-08-20 08:37;2021-08-21 07:03;2021-08-20 06:29;2021-08-21 06:30;2021-08-22 06:30;2021-08-21;shuddha
Śrīdhar;G;Pūrṇimā;2021-08-21 07:03;2021-08-22 05:53;2021-08-21 06:30;2021-08-22 06:30;2021-08-23 06:31;2021-08-21;kshaya
Hṛṣīkeś;K;Pratipad;2021-08-22 05:53;2021-08-23 05:10;2021-08-22 06:30;2021-08-23 06:31;2021-08-24 06:32;2021-08-22;shuddha
Hṛṣīkeś;K;Dvitīya;2021-08-23 05:10;2021-08-24 04:57;2021-08-23 06:31;2021-08-24 06:32;2021-08-25 06:33;2021-08-23;shuddha
Hṛṣīkeś;K;Tṛtīya;2021-08-24 04:57;2021-08-25 05:14;2021-08-24 06:32;2021-08-25 06:33;2021-08-26 06:34;2021-08-24;shuddha
Hṛṣīkeś;K;Chaturthī;2021-08-25 05:14;2021-08-26 06:04;2021-08-25 06:33;2021-08-26 06:34;2021-08-27 06:35;2021-08-25;shuddha
Hṛṣīkeś;K;Pañchamī;2021-08-26 06:04;2021-08-27 07:21;2021-08-26 06:34;2021-08-27 06:35;2021-08-28 06:35;2021-08-26;sampurna
Hṛṣīkeś;K;Śaṣṭhī;2021-08-27 07:21;2021-08-28 09:00;2021-08-27 06:35;2021-08-28 06:35;2021-08-29 06:36;2021-08-28;shuddha
Hṛṣīkeś;K;Saptamī;2021-08-28 09:00;2021-08-29 10:55;2021-08-28 06:35;2021-08-29 06:36;2021-08-30 06:37;2021-08-29;shuddha
Hṛṣīkeś;K;Aṣṭamī;2021-08-29 10:55;2021-08-30 12:58;2021-08-29 06:36;2021-08-30 06:37;2021-08-31 06:38;2021-08-30;shuddha
Hṛṣīkeś;K;Navamī;2021-08-30 12:58;2021-08-31 14:57;2021-08-30 06:37;2021-08-31 06:38;2021-09-01 06:39;2021-08-31;shuddha
Hṛṣīkeś;K;Daśamī;2021-08-31 14:57;2021-09-01 16:44;2021-08-31 06:38;2021-09-01 06:39;2021-09-02 06:39;2021-09-01;shuddha
Hṛṣīkeś;K;Ekādaśī;2021-09-01 16:44;2021-09-02 18:10;2021-09-01 06:39;2021-09-02 06:39;2021-09-03 06:40;2021-09-02;shuddha
Hṛṣīkeś;K;Dvādaśī;2021-09-02 18:10;2021-09-03 19:09;2021-09-02 06:39;2021-09-03 06:40;2021-09-04 06:41;2021-09-03;shuddha
Hṛṣīkeś;K;Trayodaśī;2021-09-03 19:09;2021-09-04 19:39;2021-09-03 06:40;2021-09-04 06:41;2021-09-05 06:42;2021-09-04;shuddha
Hṛṣīkeś;K;Chaturdaśī;2021-09-04 19:39;2021-09-05 19:37;2021-09-04 06:41;2021-09-05 06:42;2021-09-06 06:43;2021-09-05;shuddha
Hṛṣīkeś;K;Amāvasyā;2021-09-05 19:37;2021-09-06 19:06;2021-09-05 06:42;2021-09-06 06:43;2021-09-07 06:43;2021-09-06;shuddha
Hṛṣīkeś;G;Pratipad;2021-09-06 19:06;2021-09-07 18:06;2021-09-06 06:43;2021-09-07 06:43;2021-09-08 06:44;2021-09-07;shuddha
Hṛṣīkeś;G;Dvitīya;2021-09-07 18:06;2021-09-08 16:40;2021-09-07 06:43;2021-09-08 06:44;2021-09-09 06:45;2021-09-08;shuddha
Hṛṣīkeś;G;Tṛtīya;2021-09-08 16:40;2021-09-09 14:55;2021-09-08 06:44;2021-09-09 06:45;2021-09-10 06:46;2021-09-09;shuddha
Hṛṣīkeś;G;Chaturthī;2021-09-09 14:55;2021-09-10 12:53;2021-09-09 06:45;2021-09-10 06:46;2021-09-11 06:47;2021-09-10;shuddha
Hṛṣīkeś;G;Pañchamī;2021-09-10 12:53;2021-09-11 10:38;2021-09-10 06:46;2021-09-11 06:47;2021-09-12 06:48;2021-09-11;shuddha
Hṛṣīkeś;G;Śaṣṭhī;2021-09-11 10:38;2021-09-12 08:15;2021-09-11 06:47;2021-09-12 06:48;2021-09-13 06:48;2021-09-12;shuddha
Hṛṣīkeś;G;Saptamī;2021-09-12 08:15;2021-09-13 05:48;2021-09-12 06:48;2021-09-13 06:48;2021-09-14 06:49;2021-09-12;kshaya
Hṛṣīkeś;G;Aṣṭamī;2021-09-13 05:48;2021-09-14 03:24;2021-09-13 06:48;2021-09-14 06:49;2021-09-15 06:50;2021-09-13;shuddha
Hṛṣīkeś;G;Navamī;2021-09-14 03:24;2021-09-15 01:05;2021-09-14 06:49;2021-09-15 06:50;2021-09-16 06:51;2021-09-14;shuddha
Hṛṣīkeś;G;Daśamī;2021-09-15 01:05;2021-09-15 22:58;2021-09-15 06:50;2021-09-16 06:51;2021-09-17 06:52;2021-09-15;shuddha
Hṛṣīkeś;G;Ekādaśī;2021-09-15 22:58;2021-09-16 21:05;2021-09-15 06:50;2021-09-16 06:51;2021-09-17 06:52;2021-09-16;shuddha
Hṛṣīkeś;G;Dvādaśī;2021-09-16 21:05;2021-09-17 19:33;2021-09-16 06:51;2021-09-17 06:52;2021-09-18 06:52;2021-09-17;shuddha
Hṛṣīkeś;G;Trayodaśī;2021-09-17 19:33;2021-09-18 18:24;2021-09-17 06:52;2021-09-18 06:52;2021-09-19 06:53;2021-09-18;shuddha
Hṛṣīkeś;G;Chaturdaśī;2021-09-18 18:24;2021-09-19 17:41;2021-09-18 06:52;2021-09-19 06:53;2021-09-20 06:54;2021-09-19;shuddha
Hṛṣīkeś;G;Pūrṇimā;2021-09-19 17:41;2021-09-20 17:29;2021-09-19 06:53;2021-09-20 06:54;2021-09-21 06:55;2021-09-20;shuddha
Padmanābha;K;Pratipad;2021-09-20 17:29;2021-09-21 17:47;2021-09-20 06:54;2021-09-21 06:55;2021-09-22 06:56;2021-09-21;shuddha
Padmanābha;K;Dvitīya;2021-09-21 17:47;2021-09-22 18:36;2021-09-21 06:55;2021-09-22 06:56;2021-09-23 06:56;2021-09-22;shuddha
Padmanābha;K;Tṛtīya;2021-09-22 18:36;2021-09-23 19:58;2021-09-22 06:56;2021-09-23 06:56;2021-09-24 06:57;2021-09-23;shuddha
Padmanābha;K;Chaturthī;2021-09-23 19:58;2021-09-24 21:35;2021-09-23 06:56;2021-09-24 06:57;2021-09-25 06:58;2021-09-24;shuddha
Padmanābha;K;Pañchamī;2021-09-24 21:35;2021-09-25 23:33;2021-09-24 06:57;2021-09-25 06:58;2021-09-26 06:59;2021-09-25;shuddha
Padmanābha;K;Śaṣṭhī;2021-09-25 23:33;2021-09-27 01:38;2021-09-25 06:58;2021-09-26 06:59;2021-09-27 07:00;2021-09-27;shuddha
Padmanābha;K;Saptamī;2021-09-27 01:38;2021-09-28 03:40;2021-09-27 07:00;2021-09-28 07:01;2021-09-29 07:01;2021-09-27;shuddha
Padmanābha;K;Aṣṭamī;2021-09-28 03:40;2021-09-29 05:07;2021-09-28 07:01;2021-09-29 07:01;2021-09-30 07:02;2021-09-28;shuddha
Padmanābha;K;Navamī;2021-09-29 05:07;2021-09-30 06:56;2021-09-29 07:01;2021-09-30 07:02;2021-10-01 07:03;2021-09-29;shuddha
Padmanābha;K;Daśamī;2021-09-30 06:56;2021-10-01 07:58;2021-09-30 07:02;2021-10-01 07:03;2021-10-02 07:04;2021-09-30;sampurna
Padmanābha;K;Ekādaśī;2021-10-01 07:58;2021-10-02 08:31;2021-10-01 07:03;2021-10-02 07:04;2021-10-03 07:05;2021-10-02;shuddha
Padmanābha;K;Dvādaśī;2021-10-02 08:31;2021-10-03 08:31;2021-10-02 07:04;2021-10-03 07:05;2021-10-04 07:06;2021-10-03;shuddha
Padmanābha;K;Trayodaśī;2021-10-03 08:31;2021-10-04 08:02;2021-10-03 07:05;2021-10-04 07:06;2021-10-05 07:07;2021-10-04;shuddha
Padmanābha;K;Chaturdaśī;2021-10-04 08:02;2021-10-05 07:04;2021-10-04 07:06;2021-10-05 07:07;2021-10-06 07:07;2021-10-04;kshaya
Padmanābha;K;Amāvasyā;2021-10-05 07:04;2021-10-06 05:41;2021-10-05 07:07;2021-10-06 07:07;2021-10-07 07:08;2021-10-05;shuddha
Padmanābha;G;Pratipad;2021-10-06 05:41;2021-10-07 03:57;2021-10-06 07:07;2021-10-07 07:08;2021-10-08 07:09;2021-10-06;shuddha
Padmanābha;G;Dvitīya;2021-10-07 03:57;2021-10-08 01:56;2021-10-07 07:08;2021-10-08 07:09;2021-10-09 07:10;2021-10-07;shuddha
Padmanābha;G;Tṛtīya;2021-10-08 01:56;2021-10-08 23:43;2021-10-08 07:09;2021-10-09 07:10;2021-10-10 07:11;2021-10-08;shuddha
Padmanābha;G;Chaturthī;2021-10-08 23:43;2021-10-09 21:22;2021-10-08 07:09;2021-10-09 07:10;2021-10-10 07:11;2021-10-09;shuddha
Padmanābha;G;Pañchamī;2021-10-09 21:22;2021-10-10 18:54;2021-10-09 07:10;2021-10-10 07:11;2021-10-11 07:12;2021-10-10;shuddha
Padmanābha;G;Śaṣṭhī;2021-10-10 18:54;2021-10-11 16:34;2021-10-10 07:11;2021-10-11 07:12;2021-10-12 07:13;2021-10-11;shuddha
Padmanābha;G;Saptamī;2021-10-11 16:34;2021-10-12 14:18;2021-10-11 07:12;2021-10-12 07:13;2021-10-13 07:14;2021-10-12;shuddha
Padmanābha;G;Aṣṭamī;2021-10-12 14:18;2021-10-13 12:19;2021-10-12 07:13;2021-10-13 07:14;2021-10-14 07:15;2021-10-13;shuddha
Padmanābha;G;Navamī;2021-10-13 12:19;2021-10-14 10:22;2021-10-13 07:14;2021-10-14 07:15;2021-10-15 07:15;2021-10-14;shuddha
Padmanābha;G;Daśamī;2021-10-14 10:22;2021-10-15 08:51;2021-10-14 07:15;2021-10-15 07:15;2021-10-16 07:16;2021-10-15;shuddha
Padmanābha;G;Ekādaśī;2021-10-15 08:51;2021-10-16 07:45;2021-10-15 07:15;2021-10-16 07:16;2021-10-17 07:17;2021-10-16;shuddha
Padmanābha;G;Dvādaśī;2021-10-16 07:45;2021-10-17 07:05;2021-10-16 07:16;2021-10-17 07:17;2021-10-18 07:18;2021-10-16;kshaya
Padmanābha;G;Trayodaśī;2021-10-17 07:05;2021-10-18 06:55;2021-10-17 07:17;2021-10-18 07:18;2021-10-19 07:19;2021-10-17;shuddha
Padmanābha;G;Chaturdaśī;2021-10-18 06:55;2021-10-19 07:15;2021-10-18 07:18;2021-10-19 07:19;2021-10-20 07:20;2021-10-18;shuddha
Padmanābha;G;Pūrṇimā;2021-10-19 07:15;2021-10-20 08:08;2021-10-19 07:19;2021-10-20 07:20;2021-10-21 07:21;2021-10-19;sampurna
Dāmodar;K;Pratipad;2021-10-20 08:08;2021-10-21 09:27;2021-10-20 07:20;2021-10-21 07:21;2021-10-22 07:22;2021-10-21;shuddha
Dāmodar;K;Dvitīya;2021-10-21 09:27;2021-10-22 11:09;2021-10-21 07:21;2021-10-22 07:22;2021-10-23 07:23;2021-10-22;shuddha
Dāmodar;K;Tṛtīya;2021-10-22 11:09;2021-10-23 13:10;2021-10-22 07:22;2021-10-23 07:23;2021-10-24 07:24;2021-10-23;shuddha
Dāmodar;K;Chaturthī;2021-10-23 13:10;2021-10-24 15:18;2021-10-23 07:23;2021-10-24 07:24;2021-10-25 07:25;2021-10-24;shuddha
Dāmodar;K;Pañchamī;2021-10-24 15:18;2021-10-25 17:21;2021-10-24 07:24;2021-10-25 07:25;2021-10-26 07:26;2021-10-25;shuddha
Dāmodar;K;Śaṣṭhī;2021-10-25 17:21;2021-10-26 19:13;2021-10-25 07:25;2021-10-26 07:26;2021-10-27 07:27;2021-10-26;shuddha
Dāmodar;K;Saptamī;2021-10-26 19:13;2021-10-27 20:42;2021-10-26 07:26;2021-10-27 07:27;2021-10-28 07:28;2021-10-27;shuddha
Dāmodar;K;Aṣṭamī;2021-10-27 20:42;2021-10-28 21:46;2021-10-27 07:27;2021-10-28 07:28;2021-10-29 07:29;2021-10-28;shuddha
Dāmodar;K;Navamī;2021-10-28 21:46;2021-10-29 22:19;2021-10-28 07:28;2021-10-29 07:29;2021-10-30 07:30;2021-10-29;shuddha
Dāmodar;K;Daśamī;2021-10-29 22:19;2021-10-30 22:21;2021-10-29 07:29;2021-10-30 07:30;2021-10-31 07:31;2021-10-30;shuddha
Dāmodar;K;Ekādaśī;2021-10-30 22:21;2021-09-30 21:54;2021-10-30 07:30;2021-10-31 07:31;2021-11-01 07:32;2021-10-30;kshaya
Dāmodar;K;Dvādaśī;2021-09-30 21:54;2021-11-01 20:57;2021-09-30 07:02;2021-10-01 07:03;2021-10-02 07:04;2021-11-01;shuddha
Dāmodar;K;Trayodaśī;2021-11-01 20:57;2021-11-02 19:36;2021-11-01 07:32;2021-11-02 07:33;2021-11-03 07:34;2021-11-02;shuddha
Dāmodar;K;Chaturdaśī;2021-11-02 19:36;2021-11-03 17:52;2021-11-02 07:33;2021-11-03 07:34;2021-11-04 07:35;2021-11-03;shuddha
Dāmodar;K;Amāvasyā;2021-11-03 17:52;2021-11-04 15:53;2021-11-03 07:34;2021-11-04 07:35;2021-11-05 07:36;2021-11-04;shuddha
Dāmodar;G;Pratipad;2021-11-04 15:53;2021-11-05 13:41;2021-11-04 07:35;2021-11-05 07:36;2021-11-06 07:37;2021-11-05;shuddha
Dāmodar;G;Dvitīya;2021-11-05 13:41;2021-11-06 11:21;2021-11-05 07:36;2021-11-06 07:37;2021-11-07 06:38;2021-11-06;shuddha
Dāmodar;G;Tṛtīya;2021-11-06 11:21;2021-11-07 08:58;2021-11-06 07:37;2021-11-07 06:38;2021-11-08 06:39;2021-11-07;shuddha
Dāmodar;G;Chaturthī;2021-11-07 08:58;2021-11-08 05:38;2021-11-07 06:38;2021-11-08 06:39;2021-11-09 06:40;2021-11-07;kshaya
Dāmodar;G;Pañchamī;2021-11-08 05:38;2021-11-09 03:24;2021-11-08 06:39;2021-11-09 06:40;2021-11-10 06:41;2021-11-08;shuddha
Dāmodar;G;Śaṣṭhī;2021-11-09 03:24;2021-11-10 01:21;2021-11-09 06:40;2021-11-10 06:41;2021-11-11 06:42;2021-11-09;shuddha
Dāmodar;G;Saptamī;2021-11-10 01:21;2021-11-10 23:33;2021-11-10 06:41;2021-11-11 06:42;2021-11-12 06:43;2021-11-10;shuddha
Dāmodar;G;Aṣṭamī;2021-11-10 23:33;2021-11-11 22:06;2021-11-10 06:41;2021-11-11 06:42;2021-11-12 06:43;2021-11-11;shuddha
Dāmodar;G;Navamī;2021-11-11 22:06;2021-11-12 21:02;2021-11-11 06:42;2021-11-12 06:43;2021-11-13 06:44;2021-11-12;shuddha
Dāmodar;G;Daśamī;2021-11-12 21:02;2021-11-13 20:26;2021-11-12 06:43;2021-11-13 06:44;2021-11-14 06:45;2021-11-13;shuddha
Dāmodar;G;Ekādaśī;2021-11-13 20:26;2021-11-14 20:20;2021-11-13 06:44;2021-11-14 06:45;2021-11-15 06:46;2021-11-14;shuddha
Dāmodar;G;Dvādaśī;2021-11-14 20:20;2021-11-15 20:44;2021-11-14 06:45;2021-11-15 06:46;2021-11-16 06:47;2021-11-15;shuddha
Dāmodar;G;Trayodaśī;2021-11-15 20:44;2021-11-16 21:40;2021-11-15 06:46;2021-11-16 06:47;2021-11-17 06:48;2021-11-16;shuddha
Dāmodar;G;Chaturdaśī;2021-11-16 21:40;2021-11-17 23:03;2021-11-16 06:47;2021-11-17 06:48;2021-11-18 06:49;2021-11-17;shuddha
Dāmodar;G;Pūrṇimā;2021-11-17 23:03;2021-11-19 00:49;2021-11-17 06:48;2021-11-18 06:49;2021-11-19 06:50;2021-11-19;shuddha
Keśava;K;Pratipad;2021-11-19 00:49;2021-11-20 02:51;2021-11-19 06:50;2021-11-20 06:51;2021-11-21 06:52;2021-11-19;shuddha
Keśava;K;Dvitīya;2021-11-20 02:51;2021-11-21 05:00;2021-11-20 06:51;2021-11-21 06:52;2021-11-22 06:53;2021-11-20;shuddha
Keśava;K;Tṛtīya;2021-11-21 05:00;2021-11-22 07:05;2021-11-21 06:52;2021-11-22 06:53;2021-11-23 06:54;2021-11-21;sampurna
Keśava;K;Chaturthī;2021-11-22 07:05;2021-11-23 08:58;2021-11-22 06:53;2021-11-23 06:54;2021-11-24 06:55;2021-11-23;shuddha
Keśava;K;Pañchamī;2021-11-23 08:58;2021-11-24 10:28;2021-11-23 06:54;2021-11-24 06:55;2021-11-25 06:56;2021-11-24;shuddha
Keśava;K;Śaṣṭhī;2021-11-24 10:28;2021-11-25 11:32;2021-11-24 06:55;2021-11-25 06:56;2021-11-26 06:57;2021-11-25;shuddha
Keśava;K;Saptamī;2021-11-25 11:32;2021-11-26 12:06;2021-11-25 06:56;2021-11-26 06:57;2021-11-27 06:58;2021-11-26;shuddha
Keśava;K;Aṣṭamī;2021-11-26 12:06;2021-11-27 12:08;2021-11-26 06:57;2021-11-27 06:58;2021-11-28 06:59;2021-11-27;shuddha
Keśava;K;Navamī;2021-11-27 12:08;2021-11-28 11:40;2021-11-27 06:58;2021-11-28 06:59;2021-11-29 07:00;2021-11-28;shuddha
Keśava;K;Daśamī;2021-11-28 11:40;2021-11-29 10:44;2021-11-28 06:59;2021-11-29 07:00;2021-11-30 07:01;2021-11-29;shuddha
Keśava;K;Ekādaśī;2021-11-29 10:44;2021-11-30 09:23;2021-11-29 07:00;2021-11-30 07:01;2021-12-01 07:02;2021-11-30;shuddha
Keśava;K;Dvādaśī;2021-11-30 09:23;2021-12-01 07:41;2021-11-30 07:01;2021-12-01 07:02;2021-12-02 07:03;2021-12-01;shuddha
Keśava;K;Trayodaśī;2021-12-01 07:41;2021-12-02 05:42;2021-12-01 07:02;2021-12-02 07:03;2021-12-03 07:04;2021-12-01;kshaya
Keśava;K;Chaturdaśī;2021-12-02 05:42;2021-12-03 03:32;2021-12-02 07:03;2021-12-03 07:04;2021-12-04 07:05;2021-12-02;shuddha
Keśava;K;Amāvasyā;2021-12-03 03:32;2021-12-04 01:13;2021-12-03 07:04;2021-12-04 07:05;2021-12-05 07:06;2021-12-03;shuddha
Keśava;G;Pratipad;2021-12-04 01:13;2021-12-04 22:51;2021-12-04 07:05;2021-12-05 07:06;2021-12-06 07:07;2021-12-04;shuddha
Keśava;G;Dvitīya;2021-12-04 22:51;2021-12-05 20:32;2021-12-04 07:05;2021-12-05 07:06;2021-12-06 07:07;2021-12-05;shuddha
Keśava;G;Tṛtīya;2021-12-05 20:32;2021-12-06 18:20;2021-12-05 07:06;2021-12-06 07:07;2021-12-07 07:07;2021-12-06;shuddha
Keśava;G;Chaturthī;2021-12-06 18:20;2021-12-07 16:19;2021-12-06 07:07;2021-12-07 07:07;2021-12-08 07:08;2021-12-07;shuddha
Keśava;G;Pañchamī;2021-12-07 16:19;2021-12-08 14:34;2021-12-07 07:07;2021-12-08 07:08;2021-12-09 07:09;2021-12-08;shuddha
Keśava;G;Śaṣṭhī;2021-12-08 14:34;2021-12-09 13:10;2021-12-08 07:08;2021-12-09 07:09;2021-12-10 07:10;2021-12-09;shuddha
Keśava;G;Saptamī;2021-12-09 13:10;2021-12-10 12:10;2021-12-09 07:09;2021-12-10 07:10;2021-12-11 07:11;2021-12-10;shuddha
Keśava;G;Aṣṭamī;2021-12-10 12:10;2021-12-11 11:37;2021-12-10 07:10;2021-12-11 07:11;2021-12-12 07:11;2021-12-11;shuddha
Keśava;G;Navamī;2021-12-11 11:37;2021-12-12 11:34;2021-12-11 07:11;2021-12-12 07:11;2021-12-13 07:12;2021-12-12;shuddha
Keśava;G;Daśamī;2021-12-12 11:34;2021-12-13 12:03;2021-12-12 07:11;2021-12-13 07:12;2021-12-14 07:13;2021-12-13;shuddha
Keśava;G;Ekādaśī;2021-12-13 12:03;2021-12-14 13:02;2021-12-13 07:12;2021-12-14 07:13;2021-12-15 07:13;2021-12-14;shuddha
Keśava;G;Dvādaśī;2021-12-14 13:02;2021-12-15 14:29;2021-12-14 07:13;2021-12-15 07:13;2021-12-16 07:14;2021-12-15;shuddha
Keśava;G;Trayodaśī;2021-12-15 14:29;2021-12-16 16:18;2021-12-15 07:13;2021-12-16 07:14;2021-12-17 07:15;2021-12-16;shuddha
Keśava;G;Chaturdaśī;2021-12-16 16:18;2021-12-17 18:23;2021-12-16 07:14;2021-12-17 07:15;2021-12-18 07:15;2021-12-17;shuddha
Keśava;G;Pūrṇimā;2021-12-17 18:23;2021-12-18 20:34;2021-12-17 07:15;2021-12-18 07:15;2021-12-19 07:16;2021-12-18;shuddha
Nārāyaṇ;K;Pratipad;2021-12-18 20:34;2021-12-19 22:39;2021-12-18 07:15;2021-12-19 07:16;2021-12-20 07:16;2021-12-19;shuddha
Nārāyaṇ;K;Dvitīya;2021-12-19 22:39;2021-12-21 00:31;2021-12-19 07:16;2021-12-20 07:16;2021-12-21 07:17;2021-12-21;shuddha
Nārāyaṇ;K;Tṛtīya;2021-12-21 00:31;2021-12-22 02:00;2021-12-21 07:17;2021-12-22 07:17;2021-12-23 07:18;2021-12-21;shuddha
Nārāyaṇ;K;Chaturthī;2021-12-22 02:00;2021-12-23 03:03;2021-12-22 07:17;2021-12-23 07:18;2021-12-24 07:18;2021-12-22;shuddha
Nārāyaṇ;K;Pañchamī;2021-12-23 03:03;2021-12-24 03:35;2021-12-23 07:18;2021-12-24 07:18;2021-12-25 07:19;2021-12-23;shuddha
Nārāyaṇ;K;Śaṣṭhī;2021-12-24 03:35;2021-12-25 03:36;2021-12-24 07:18;2021-12-25 07:19;2021-12-26 07:19;2021-12-24;shuddha
Nārāyaṇ;K;Saptamī;2021-12-25 03:36;2021-12-26 03:06;2021-12-25 07:19;2021-12-26 07:19;2021-12-27 07:19;2021-12-25;shuddha
Nārāyaṇ;K;Aṣṭamī;2021-12-26 03:06;2021-12-27 02:09;2021-12-26 07:19;2021-12-27 07:19;2021-12-28 07:20;2021-12-26;shuddha
Nārāyaṇ;K;Navamī;2021-12-27 02:09;2021-12-28 00:47;2021-12-27 07:19;2021-12-28 07:20;2021-12-29 07:20;2021-12-27;shuddha
Nārāyaṇ;K;Daśamī;2021-12-28 00:47;2021-12-28 23:04;2021-12-28 07:20;2021-12-29 07:20;2021-12-30 07:20;2021-12-28;shuddha
Nārāyaṇ;K;Ekādaśī;2021-12-28 23:04;2021-12-29 21:05;2021-12-28 07:20;2021-12-29 07:20;2021-12-30 07:20;2021-12-29;shuddha
Nārāyaṇ;K;Dvādaśī;2021-12-29 21:05;2021-12-30 18:54;2021-12-29 07:20;2021-12-30 07:20;2021-12-31 07:20;2021-12-30;shuddha
Nārāyaṇ;K;Trayodaśī;2021-12-30 18:54;2021-12-31 16:36;2021-12-30 07:20;2021-12-31 07:20;2022-01-01 07:20;2021-12-31;shuddha
Nārāyaṇ;K;Chaturdaśī;2021-12-31 16:36;2022-01-01 14:14;2021-12-31 07:20;2022-01-01 07:20;2022-01-02 07:21;2022-01-01;shuddha
Nārāyaṇ;K;Amāvasyā;2022-01-01 14:14;2022-01-02 11:56;2022-01-01 07:20;2022-01-02 07:21;2022-01-03 07:21;2022-01-02;shuddha
Nārāyaṇ;G;Pratipad;2022-01-02 11:56;2022-01-03 09:45;2022-01-02 07:21;2022-01-03 07:21;2022-01-04 07:21;2022-01-03;shuddha
Nārāyaṇ;G;Dvitīya;2022-01-03 09:45;2022-01-04 07:45;2022-01-03 07:21;2022-01-04 07:21;2022-01-05 07:21;2022-01-04;shuddha
Nārāyaṇ;G;Tṛtīya;2022-01-04 07:45;2022-01-05 06:02;2022-01-04 07:21;2022-01-05 07:21;2022-01-06 07:21;2022-01-04;kshaya
Nārāyaṇ;G;Chaturthī;2022-01-05 06:02;2022-01-06 04:41;2022-01-05 07:21;2022-01-06 07:21;2022-01-07 07:21;2022-01-05;shuddha
Nārāyaṇ;G;Pañchamī;2022-01-06 04:41;2022-01-07 03:43;2022-01-06 07:21;2022-01-07 07:21;2022-01-08 07:21;2022-01-06;shuddha
Nārāyaṇ;G;Śaṣṭhī;2022-01-07 03:43;2022-01-08 03:13;2022-01-07 07:21;2022-01-08 07:21;2022-01-09 07:21;2022-01-07;shuddha
Nārāyaṇ;G;Saptamī;2022-01-08 03:13;2022-01-09 03:13;2022-01-08 07:21;2022-01-09 07:21;2022-01-10 07:21;2022-01-08;shuddha
Nārāyaṇ;G;Aṣṭamī;2022-01-09 03:13;2022-01-10 03:45;2022-01-09 07:21;2022-01-10 07:21;2022-01-11 07:20;2022-01-09;shuddha
Nārāyaṇ;G;Navamī;2022-01-10 03:45;2022-01-11 04:47;2022-01-10 07:21;2022-01-11 07:20;2022-01-12 07:20;2022-01-10;shuddha
Nārāyaṇ;G;Daśamī;2022-01-11 04:47;2022-01-12 06:16;2022-01-11 07:20;2022-01-12 07:20;2022-01-13 07:20;2022-01-11;shuddha
Nārāyaṇ;G;Ekādaśī;2022-01-12 06:16;2022-01-13 08:07;2022-01-12 07:20;2022-01-13 07:20;2022-01-14 07:20;2022-01-13;sampurna
Nārāyaṇ;G;Dvādaśī;2022-01-13 08:07;2022-01-14 10:13;2022-01-13 07:20;2022-01-14 07:20;2022-01-15 07:19;2022-01-14;shuddha
Nārāyaṇ;G;Trayodaśī;2022-01-14 10:13;2022-01-15 12:24;2022-01-14 07:20;2022-01-15 07:19;2022-01-16 07:19;2022-01-15;shuddha
Nārāyaṇ;G;Chaturdaśī;2022-01-15 12:24;2022-01-16 14:28;2022-01-15 07:19;2022-01-16 07:19;2022-01-17 07:19;2022-01-16;shuddha
Nārāyaṇ;G;Pūrṇimā;2022-01-16 14:28;2022-01-17 16:18;2022-01-16 07:19;2022-01-17 07:19;2022-01-18 07:18;2022-01-17;shuddha
Mādhava;K;Pratipad;2022-01-17 16:18;2022-01-18 17:45;2022-01-17 07:19;2022-01-18 07:18;2022-01-19 07:18;2022-01-18;shuddha
Mādhava;K;Dvitīya;2022-01-18 17:45;2022-01-19 18:45;2022-01-18 07:18;2022-01-19 07:18;2022-01-20 07:17;2022-01-19;shuddha
Mādhava;K;Tṛtīya;2022-01-19 18:45;2022-01-20 19:14;2022-01-19 07:18;2022-01-20 07:17;2022-01-21 07:17;2022-01-20;shuddha
Mādhava;K;Chaturthī;2022-01-20 19:14;2022-01-21 19:11;2022-01-20 07:17;2022-01-21 07:17;2022-01-22 07:16;2022-01-21;shuddha
Mādhava;K;Pañchamī;2022-01-21 19:11;2022-01-22 18:39;2022-01-21 07:17;2022-01-22 07:16;2022-01-23 07:16;2022-01-22;shuddha
Mādhava;K;Śaṣṭhī;2022-01-22 18:39;2022-01-23 17:39;2022-01-22 07:16;2022-01-23 07:16;2022-01-24 07:15;2022-01-23;shuddha
Mādhava;K;Saptamī;2022-01-23 17:39;2022-01-24 16:14;2022-01-23 07:16;2022-01-24 07:15;2022-01-25 07:15;2022-01-24;shuddha
Mādhava;K;Aṣṭamī;2022-01-24 16:14;2022-01-25 14:29;2022-01-24 07:15;2022-01-25 07:15;2022-01-26 07:14;2022-01-25;shuddha
Mādhava;K;Navamī;2022-01-25 14:29;2022-01-26 12:28;2022-01-25 07:15;2022-01-26 07:14;2022-01-27 07:13;2022-01-26;shuddha
Mādhava;K;Daśamī;2022-01-26 12:28;2022-01-27 10:16;2022-01-26 07:14;2022-01-27 07:13;2022-01-28 07:13;2022-01-27;shuddha
Mādhava;K;Ekādaśī;2022-01-27 10:16;2022-01-28 07:57;2022-01-27 07:13;2022-01-28 07:13;2022-01-29 07:12;2022-01-28;shuddha
Mādhava;K;Dvādaśī;2022-01-28 07:57;2022-01-29 05:35;2022-01-28 07:13;2022-01-29 07:12;2022-01-30 07:11;2022-01-28;kshaya
Mādhava;K;Trayodaśī;2022-01-29 05:35;2022-01-30 03:16;2022-01-29 07:12;2022-01-30 07:11;2022-01-31 07:10;2022-01-29;shuddha
Mādhava;K;Chaturdaśī;2022-01-30 03:16;2022-01-31 01:05;2022-01-30 07:11;2022-01-31 07:10;2022-02-01 07:10;2022-01-30;shuddha
Mādhava;K;Amāvasyā;2022-01-31 01:05;2022-01-31 23:06;2022-01-31 07:10;2022-02-01 07:10;2022-02-02 07:09;2022-01-31;shuddha
Mādhava;G;Pratipad;2022-01-31 23:06;2022-02-01 21:23;2022-01-31 07:10;2022-02-01 07:10;2022-02-02 07:09;2022-02-01;shuddha
Mādhava;G;Dvitīya;2022-02-01 21:23;2022-02-02 20:03;2022-02-01 07:10;2022-02-02 07:09;2022-02-03 07:08;2022-02-02;shuddha
Mādhava;G;Tṛtīya;2022-02-02 20:03;2022-02-03 19:06;2022-02-02 07:09;2022-02-03 07:08;2022-02-04 07:07;2022-02-03;shuddha
Mādhava;G;Chaturthī;2022-02-03 19:06;2022-02-04 18:37;2022-02-03 07:08;2022-02-04 07:07;2022-02-05 07:06;2022-02-04;shuddha
Mādhava;G;Pañchamī;2022-02-04 18:37;2022-02-05 18:39;2022-02-04 07:07;2022-02-05 07:06;2022-02-06 07:05;2022-02-05;shuddha
Mādhava;G;Śaṣṭhī;2022-02-05 18:39;2022-02-06 19:12;2022-02-05 07:06;2022-02-06 07:05;2022-02-07 07:04;2022-02-06;shuddha
Mādhava;G;Saptamī;2022-02-06 19:12;2022-02-07 20:15;2022-02-06 07:05;2022-02-07 07:04;2022-02-08 07:03;2022-02-07;shuddha
Mādhava;G;Aṣṭamī;2022-02-07 20:15;2022-02-08 21:45;2022-02-07 07:04;2022-02-08 07:03;2022-02-09 07:02;2022-02-08;shuddha
Mādhava;G;Navamī;2022-02-08 21:45;2022-02-09 23:36;2022-02-08 07:03;2022-02-09 07:02;2022-02-10 07:01;2022-02-09;shuddha
Mādhava;G;Daśamī;2022-02-09 23:36;2022-02-11 01:41;2022-02-09 07:02;2022-02-10 07:01;2022-02-11 07:00;2022-02-11;shuddha
Mādhava;G;Ekādaśī;2022-02-11 01:41;2022-02-12 03:50;2022-02-11 07:00;2022-02-12 06:59;2022-02-13 06:58;2022-02-11;shuddha
Mādhava;G;Dvādaśī;2022-02-12 03:50;2022-02-13 05:53;2022-02-12 06:59;2022-02-13 06:58;2022-02-14 06:57;2022-02-12;shuddha
Mādhava;G;Trayodaśī;2022-02-13 05:53;2022-02-14 07:39;2022-02-13 06:58;2022-02-14 06:57;2022-02-15 06:56;2022-02-13;sampurna
Mādhava;G;Chaturdaśī;2022-02-14 07:39;2022-02-15 09:02;2022-02-14 06:57;2022-02-15 06:56;2022-02-16 06:55;2022-02-15;shuddha
Mādhava;G;Pūrṇimā;2022-02-15 09:02;2022-02-16 10:00;2022-02-15 06:56;2022-02-16 06:55;2022-02-17 06:53;2022-02-16;shuddha
Govinda;K;Pratipad;2022-02-16 10:00;2022-02-17 10:25;2022-02-16 06:55;2022-02-17 06:53;2022-02-18 06:52;2022-02-17;shuddha
Govinda;K;Dvitīya;2022-02-17 10:25;2022-02-18 10:19;2022-02-17 06:53;2022-02-18 06:52;2022-02-19 06:51;2022-02-18;shuddha
Govinda;K;Tṛtīya;2022-02-18 10:19;2022-02-19 09:43;2022-02-18 06:52;2022-02-19 06:51;2022-02-20 06:50;2022-02-19;shuddha
Govinda;K;Chaturthī;2022-02-19 09:43;2022-02-20 08:39;2022-02-19 06:51;2022-02-20 06:50;2022-02-21 06:49;2022-02-20;shuddha
Govinda;K;Pañchamī;2022-02-20 08:39;2022-02-21 07:11;2022-02-20 06:50;2022-02-21 06:49;2022-02-22 06:47;2022-02-21;shuddha
Govinda;K;Śaṣṭhī;2022-02-21 07:11;2022-02-22 05:24;2022-02-21 06:49;2022-02-22 06:47;2022-02-23 06:46;2022-02-21;kshaya
Govinda;K;Saptamī;2022-02-22 05:24;2022-02-23 03:20;2022-02-22 06:47;2022-02-23 06:46;2022-02-24 06:45;2022-02-22;shuddha
Govinda;K;Aṣṭamī;2022-02-23 03:20;2022-02-24 01:06;2022-02-23 06:46;2022-02-24 06:45;2022-02-25 06:43;2022-02-23;shuddha
Govinda;K;Navamī;2022-02-24 01:06;2022-02-24 22:45;2022-02-24 06:45;2022-02-25 06:43;2022-02-26 06:42;2022-02-24;shuddha
Govinda;K;Daśamī;2022-02-24 22:45;2022-02-25 20:21;2022-02-24 06:45;2022-02-25 06:43;2022-02-26 06:42;2022-02-25;shuddha
Govinda;K;Ekādaśī;2022-02-25 20:21;2022-02-26 18:01;2022-02-25 06:43;2022-02-26 06:42;2022-02-27 06:41;2022-02-26;shuddha
Govinda;K;Dvādaśī;2022-02-26 18:01;2022-02-27 15:51;2022-02-26 06:42;2022-02-27 06:41;2022-02-28 06:39;2022-02-27;shuddha
Govinda;K;Trayodaśī;2022-02-27 15:51;2022-02-28 13:52;2022-02-27 06:41;2022-02-28 06:39;2022-03-01 06:38;2022-02-28;shuddha
Govinda;K;Chaturdaśī;2022-02-28 13:52;2022-03-01 12:09;2022-02-28 06:39;2022-03-01 06:38;2022-03-02 06:37;2022-03-01;shuddha
Govinda;K;Amāvasyā;2022-03-01 12:09;2022-03-02 10:49;2022-03-01 06:38;2022-03-02 06:37;2022-03-03 06:35;2022-03-02;shuddha
Govinda;G;Pratipad;2022-03-02 10:49;2022-03-03 09:52;2022-03-02 06:37;2022-03-03 06:35;2022-03-04 06:34;2022-03-03;shuddha
Govinda;G;Dvitīya;2022-03-03 09:52;2022-03-04 09:24;2022-03-03 06:35;2022-03-04 06:34;2022-03-05 06:33;2022-03-04;shuddha
Govinda;G;Tṛtīya;2022-03-04 09:24;2022-03-05 09:25;2022-03-04 06:34;2022-03-05 06:33;2022-03-06 06:31;2022-03-05;shuddha
Govinda;G;Chaturthī;2022-03-05 09:25;2022-03-06 09:58;2022-03-05 06:33;2022-03-06 06:31;2022-03-07 06:30;2022-03-06;shuddha
Govinda;G;Pañchamī;2022-03-06 09:58;2022-03-07 11:01;2022-03-06 06:31;2022-03-07 06:30;2022-03-08 06:28;2022-03-07;shuddha
Govinda;G;Śaṣṭhī;2022-03-07 11:01;2022-03-08 12:30;2022-03-07 06:30;2022-03-08 06:28;2022-03-09 06:27;2022-03-08;shuddha
Govinda;G;Saptamī;2022-03-08 12:30;2022-03-09 14:19;2022-03-08 06:28;2022-03-09 06:27;2022-03-10 06:25;2022-03-09;shuddha
Govinda;G;Aṣṭamī;2022-03-09 14:19;2022-03-10 16:23;2022-03-09 06:27;2022-03-10 06:25;2022-03-11 06:24;2022-03-10;shuddha
Govinda;G;Navamī;2022-03-10 16:23;2022-03-11 18:29;2022-03-10 06:25;2022-03-11 06:24;2022-03-12 06:23;2022-03-11;shuddha
Govinda;G;Daśamī;2022-03-11 18:29;2022-03-12 20:29;2022-03-11 06:24;2022-03-12 06:23;2022-03-13 07:21;2022-03-12;shuddha
Govinda;G;Ekādaśī;2022-03-12 20:29;2022-03-13 23:13;2022-03-12 06:23;2022-03-13 07:21;2022-03-14 07:20;2022-03-13;shuddha
Govinda;G;Dvādaśī;2022-03-13 23:13;2022-03-15 00:33;2022-03-13 07:21;2022-03-14 07:20;2022-03-15 07:18;2022-03-15;shuddha
Govinda;G;Trayodaśī;2022-03-15 00:33;2022-03-16 01:26;2022-03-15 07:18;2022-03-16 07:17;2022-03-17 07:15;2022-03-15;shuddha
Govinda;G;Chaturdaśī;2022-03-16 01:26;2022-03-17 01:48;2022-03-16 07:17;2022-03-17 07:15;;2022-03-16;shuddha
Govinda;G;Pūrṇimā;2022-03-17 01:48;2022-03-18 01:38;2022-03-17 07:15;;;2022-03-17;shuddha