barcelona;533;2018-03-25;2018-10-28;;
barcelona;534;2019-03-31;2019-10-27;;
barcelona;535;2020-03-29;2020-10-25;;
budapest;533;2018-03-25;2018-10-28;;
budapest;534;2019-03-31;2019-10-27;;
budapest;535;2020-03-29;2020-10-25;;
buffalo;533;2018-03-11;2018-11-04;2019-03-10;2019-03-21
buffalo;534;2019-03-10;2019-11-03;;
buffalo;535;2020-03-08;2020-11-01;;
dnepropetrovsk;533;2018-03-25;2018-10-28;;
dnepropetrovsk;534;2019-03-31;2019-10-27;;
dnepropetrovsk;535;2020-03-29;2020-10-25;;
guadalajara;533;2018-04-01;2018-10-28;;
guadalajara;535;2020-04-05;2020-10-25;;
guadalajara;534;2019-04-07;2019-10-27;;
haifa;533;2018-03-23;2018-10-28;;
haifa;534;2019-03-29;2019-10-27;;
haifa;535;2020-03-27;2020-10-25;;
heilbronn;536;2021-03-28;2021-10-31;;
heilbronn;538;2023-03-26;2023-10-29;2024-03-31;2024-10-27
kharkiv;533;2018-03-25;2018-10-28;;
kharkiv;534;2019-03-31;2019-10-27;;
kharkiv;535;2020-03-29;2020-10-25;;
herson;533;2018-03-25;2018-10-28;;
herson;534;2019-03-31;2019-10-27;;
herson;535;2020-03-29;2020-10-25;;
kyiv;533;2018-03-25;2018-10-28;;
kyiv;534;2019-03-31;2019-10-27;;
kyiv;535;2020-03-29;2020-10-25;;
london;533;2018-03-25;2018-10-28;;
london;534;2019-03-31;2019-10-27;;
london;535;2020-03-29;2020-10-25;;
lviv;533;2018-03-25;2018-10-28;;
lviv;534;2019-03-31;2019-10-27;;
lviv;535;2020-03-29;2020-10-25;;
maalot_tarshiha;533;2018-03-23;2018-10-28;;
maalot_tarshiha;534;2019-03-29;2019-10-27;;
maalot_tarshiha;535;2020-03-27;2020-10-25;;
merida;533;2018-04-01;2018-10-28;;
merida;534;2019-04-07;2019-10-27;;
merida;535;2020-04-05;2020-10-25;;
merom_golan;533;2018-03-23;2018-10-28;;
merom_golan;534;2019-03-29;2019-10-27;;
merom_golan;535;2020-03-27;2020-10-25;;
mexico_city;533;2018-04-01;2018-10-28;;
mexico_city;534;2019-04-07;2019-10-27;;
mexico_city;535;2020-04-05;2020-10-25;;
miami;533;2018-03-11;2018-11-04;2019-03-10;2019-03-21
miami;534;2019-03-10;2019-11-03;;
miami;535;2020-03-08;2020-11-01;;
milan;533;2018-03-25;2018-10-28;;
milan;534;2019-03-31;2019-10-27;;
milan;535;2020-03-29;2020-10-25;;
morelia;533;2018-04-01;2018-10-28;;
morelia;534;2019-04-07;2019-10-27;;
morelia;535;2020-04-05;2020-10-25;;
new_york;533;2018-03-11;2018-11-04;2019-03-10;2019-03-21
new_york;534;2019-03-10;2019-11-03;;
new_york;535;2020-03-08;2020-11-01;;
odessa;533;2018-03-25;2018-10-28;;
odessa;534;2019-03-31;2019-10-27;;
odessa;535;2020-03-29;2020-10-25;;
riga;533;2018-03-25;2018-10-28;;
riga;534;2019-03-31;2019-10-27;;
riga;535;2020-03-29;2020-10-25;;
rome;533;2018-03-25;2018-10-28;;
rome;534;2019-03-31;2019-10-27;;
rome;535;2020-03-29;2020-10-25;;
salt_lake_city;533;2018-03-11;2018-11-04;2019-03-10;2019-03-21
salt_lake_city;534;2019-03-10;2019-11-03;;
salt_lake_city;535;2020-03-08;2020-11-01;;
san_luis_potosi;533;2018-04-01;2018-10-28;;
san_luis_potosi;534;2019-04-07;2019-10-27;;
san_luis_potosi;535;2020-04-05;2020-10-25;;
san_paulo;533;2018-11-04;2019-02-17;;
soquel;534;2019-03-10;2019-11-03;;
soquel;533;2018-03-11;2018-11-04;2019-03-10;2019-03-21
soquel;535;2020-03-08;2020-11-01;;
tijuana;533;2018-03-11;2018-11-04;2019-03-10;2019-03-21
tijuana;534;2019-03-10;2019-11-03;;
tijuana;535;2020-03-08;2020-11-01;;
timmins;533;2018-03-11;2018-11-04;2019-03-10;2019-03-21
timmins;534;2019-03-10;2019-11-03;;
timmins;535;2020-03-08;2020-11-01;;
vancouver;533;2018-03-11;2018-11-04;2019-03-10;2019-03-21
vancouver;534;2019-03-10;2019-11-03;;
vancouver;535;2020-03-08;2020-11-01;;
veracruz;533;2018-04-01;2018-10-28;;
veracruz;534;2019-04-07;2019-10-27;;
veracruz;535;2020-04-05;2020-10-25;;
vinnitsa;533;2018-03-25;2018-10-28;;
vinnitsa;534;2019-03-31;2019-10-27;;
vinnitsa;535;2020-03-29;2020-10-25;;
zaporizhia;533;2018-03-25;2018-10-28;;
zaporizhia;534;2019-03-31;2019-10-27;;
zaporizhia;535;2020-03-29;2020-10-25;;
luxembourg;533;2018-03-25;2018-10-28;;
luxembourg;534;2019-03-31;2019-10-27;;
luxembourg;535;2020-03-29;2020-10-25;;
uki;533;2018-03-03;2018-04-01;2018-10-07;2019-03-21
uki;534;2019-03-22;2019-04-07;2019-10-06;2020-03-09
uki;535;2020-03-10;2020-04-05;2020-10-04;2021-03-28
stockholm;533;2018-03-25;2018-10-28;;
stockholm;534;2019-03-31;2019-10-27;;
stockholm;535;2020-03-29;2020-10-25;;
wroclaw;535;2020-03-29;2020-10-25;;
wroclaw;534;2019-03-31;2019-10-27;;
wroclaw;533;2018-03-25;2018-10-28;;
almaty;536;;;;
ankara;536;;;;
barcelona;536;2021-03-28;2021-10-31;2022-03-27;2022-10-30
barnaul;536;;;;
bogota;536;;;;
budapest;536;2021-03-28;2021-10-31;2022-03-27;2022-10-30
buffalo;536;2021-03-14;2021-11-07;2022-03-13;2022-11-06
byronbay;536;2021-04-04;2021-10-03;2022-04-03;2022-10-02
caracas;536;;;;
chelyabinsk;536;;;;
chiangmai;536;;;;
delhi;536;;;;
dnepropetrovsk;536;2021-03-28;2021-10-31;2022-03-27;2022-10-30
donetsk;536;;;;
guadalajara;536;2021-04-04;2021-10-31;2022-04-03;2022-10-30
haifa;536;2021-03-26;2021-10-31;2022-03-25;2022-10-30
herson;536;2021-03-28;2021-10-31;2022-03-27;2022-10-30
honolulu;536;;;;
istanbul;536;;;;
johannesburg;536;;;;
kazan;536;;;;
khabarovsk;536;;;;
khanty-mansiysk;536;;;;
kharkiv;536;2021-03-28;2021-10-31;2022-03-27;2022-10-30
krasnodar;536;;;;
krasnoyarsk;536;;;;
kuala_lumpur;536;;;;
kyiv;536;2021-03-28;2021-10-31;2022-03-27;2022-10-30
lima;536;;;;
linkoeping;536;2021-03-28;2021-10-31;2022-03-27;2022-10-30
london;536;2021-03-28;2021-10-31;2022-03-27;2022-10-30
luhansk;536;;;;
luxembourg;536;2021-03-28;2021-10-31;2022-03-27;2022-10-30
lviv;536;2021-03-28;2021-10-31;2022-03-27;2022-10-30
maalot_tarshiha;536;2021-03-26;2021-10-31;2022-03-25;2022-10-30
manila;536;;;;
merida;536;2021-04-04;2021-10-31;2022-04-03;2022-10-30
mexico_city;536;2021-04-04;2021-10-31;2022-04-03;2022-10-30
miami;536;2021-03-14;2021-11-07;2022-03-13;2022-11-06
milan;536;2021-03-28;2021-10-31;2022-03-27;2022-10-30
minsk;536;;;;
morelia;536;2021-04-04;2021-10-31;2022-04-03;2022-10-30
moscow;536;;;;
navadvip;536;;;;
new_york;536;2021-03-14;2021-11-07;2022-03-13;2022-11-06
nizhny_novgorod;536;;;;
novgorod_the_great;536;;;;
novosibirsk;536;;;;
odessa;536;2021-03-28;2021-10-31;2022-03-27;2022-10-30
omsk;536;;;;
orenburg;536;;;;
orsk;536;;;;
petropavl;536;;;;
petropavlovsk_kamchatsky;536;;;;
perm;536;;;;
port_luis;536;;;;
prague;536;2021-03-28;2021-10-31;2022-03-27;2022-10-30
quito;536;;;;
riga;536;2021-03-28;2021-10-31;2022-03-27;2022-10-30
rome;536;2021-03-28;2021-10-31;2022-03-27;2022-10-30
rostov_on_don;536;;;;
saint_petersburg;536;;;;
salt_lake_city;536;2021-03-14;2021-11-07;2022-03-13;2022-11-06
samara;536;;;;
san_luis_potosi;536;2021-04-04;2021-10-31;2022-04-03;2022-10-30
san_paulo;536;2021-03-28;2021-10-31;2022-03-27;2022-10-30
shenzhen;536;;;;
simferopol;536;;;;
singapore;536;;;;
smolensk;536;;;;
sochi;536;;;;
soquel;536;2021-03-14;2021-11-07;2022-03-13;2022-11-06
stavropol;536;;;;
sukhum;536;;;;
surgut;536;;;;
sydney;536;2021-04-04;2021-10-03;2022-04-03;2022-10-02
tambov;536;;;;
tampere;536;2021-03-28;2021-10-31;2022-03-27;2022-10-30
tijuana;536;2021-03-14;2021-11-07;2022-03-13;2022-11-06
timmins;536;2021-03-14;2021-11-07;2022-03-13;2022-11-06
tolyatti;536;;;;
tomsk;536;;;;
tuapse;536;;;;
ufa;536;;;;
vancouver;536;2021-03-14;2021-11-07;2022-03-13;2022-11-06
veracruz;536;2021-04-04;2021-10-31;2022-04-03;2022-10-30
vinnitsa;536;2021-03-28;2021-10-31;2022-03-27;2022-10-30
vladivostok;536;;;;
volgograd;536;;;;
voronezh;536;;;;
wroclaw;536;2021-03-28;2021-10-31;2022-03-27;2022-10-30
yaroslavl;536;;;;
yekaterinburg;536;;;;
yoshkar_ola;536;;;;
yuzhno_sakhalinsk;536;;;;
zaporizhia;536;2021-03-28;2021-10-31;2022-03-27;2022-10-30
almaty;537;;;;
amsterdam;537;2022-03-27;2022-10-30;2023-03-26;2023-10-29
ankara;537;;;;
barcelona;537;2022-03-27;2022-10-30;2023-03-26;2023-10-29
barnaul;537;;;;
bogota;537;;;;
budapest;537;2022-03-27;2022-10-30;2023-03-26;2023-10-29
buffalo;537;2022-03-13;2022-11-06;2023-03-12;2023-11-05
byronbay;537;2022-04-03;2022-10-02;2023-04-02;2023-10-01
caracas;537;;;;
chelyabinsk;537;;;;
chiangmai;537;;;;
chisinau;537;2022-03-27;2022-10-30;2023-03-26;2023-10-29
delhi;537;;;;
dnepropetrovsk;537;2022-03-27;2022-10-30;2023-03-26;2023-10-29
donetsk;537;;;;
guadalajara;537;2022-04-03;2022-10-30;2023-04-02;2023-10-29
haifa;537;2022-03-25;2022-10-30;2023-03-24;2023-10-29
helsinki;537;2022-03-27;2022-10-30;2023-03-26;2023-10-29
herson;537;2022-03-27;2022-10-30;2023-03-26;2023-10-29
honolulu;537;;;;
istanbul;537;;;;
johannesburg;537;;;;
kazan;537;;;;
khabarovsk;537;;;;
khanty-mansiysk;537;;;;
kharkiv;537;2022-03-27;2022-10-30;2023-03-26;2023-10-29
krasnodar;537;;;;
krasnoyarsk;537;;;;
kuala_lumpur;537;;;;
kyiv;537;2022-03-27;2022-10-30;2023-03-26;2023-10-29
lima;537;;;;
linkoeping;537;2022-03-27;2022-10-30;2023-03-26;2023-10-29
london;537;2022-03-27;2022-10-30;2023-03-26;2023-10-29
luhansk;537;;;;
luxembourg;537;2022-03-27;2022-10-30;2023-03-26;2023-10-29
lviv;537;2022-03-27;2022-10-30;2023-03-26;2023-10-29
maalot_tarshiha;537;2022-03-25;2022-10-30;2023-03-24;2023-10-29
manila;537;;;;
merida;537;2022-04-03;2022-10-30;2023-04-02;2023-10-29
mexico_city;537;2022-04-03;2021-10-30;2022-04-02;2022-10-29
miami;537;2022-03-14;2022-11-07;2023-03-12;2022-11-05
milan;537;2021-03-28;2021-10-31;2022-03-27;2022-10-30
minsk;537;;;;
morelia;537;2021-04-04;2021-10-31;2022-04-03;2022-10-30
moscow;537;;;;
navadvip;537;;;;
new_york;537;2022-03-27;2022-10-30;2023-03-26;2023-10-29
nizhny_novgorod;537;;;;
novgorod_the_great;537;;;;
novosibirsk;537;;;;
odessa;537;2022-03-27;2022-10-30;2023-03-26;2023-10-29
omsk;537;;;;
orenburg;537;;;;
orsk;537;;;;
petropavl;537;;;;
petropavlovsk_kamchatsky;537;;;;
perm;537;;;;
port_luis;537;;;;
prague;537;2022-03-27;2022-10-30;2023-03-26;2023-10-29
quito;537;;;;
riga;537;2022-03-27;2022-10-30;2023-03-26;2023-10-29
rome;537;2022-03-27;2022-10-30;2023-03-26;2023-10-29
rostov_on_don;537;;;;
saint_petersburg;537;;;;
salt_lake_city;537;2022-03-13;2022-11-06;2023-03-12;2023-11-05
samara;537;;;;
san_luis_potosi;537;2022-04-03;2022-10-30;2023-04-02;2023-10-29
san_paulo;537;2022-03-27;2022-10-30;2023-03-26;2023-10-29
shenzhen;537;;;;
simferopol;537;;;;
singapore;537;;;;
smolensk;537;;;;
sochi;537;;;;
soquel;537;2022-03-13;2022-11-06;2023-03-12;2023-11-05
stavropol;537;;;;
sukhum;537;;;;
surgut;537;;;;
sydney;537;2022-04-03;2022-10-02;2023-04-02;2022-10-01
tambov;537;;;;
tampere;537;2022-03-27;2022-10-30;2023-03-26;2023-10-29
tijuana;537;2022-03-13;2022-11-06;2023-03-12;2023-11-05
timmins;537;2022-03-13;2022-11-06;2023-03-12;2023-11-05
tolyatti;537;;;;
tomsk;537;;;;
tuapse;537;;;;
ufa;537;;;;
vancouver;537;2022-03-13;2022-11-06;2023-03-12;2023-11-05
veracruz;537;2022-04-03;2022-10-30;2023-04-02;2023-10-29
vinnitsa;537;2022-03-27;2022-10-30;2023-03-26;2023-10-29
vladivostok;537;;;;
volgograd;537;;;;
voronezh;537;;;;
wroclaw;537;2022-03-27;2022-10-30;2023-03-26;2023-10-29
yaroslavl;537;;;;
yekaterinburg;537;;;;
yoshkar_ola;537;;;;
yuzhno_sakhalinsk;537;;;;
zaporizhia;537;2022-03-27;2022-10-30;2023-03-26;2023-10-29
almaty;538;;;;
amsterdam;538;2023-03-26;2023-10-29;2024-03-31;2024-10-27
ankara;538;;;;
bad_hersfeld;538;2023-03-26;2023-10-29;2024-03-31;2024-10-27
barcelona;538;2023-03-26;2023-10-29;2024-03-31;2024-10-27
barnaul;538;;;;
bogota;538;;;;
budapest;538;2023-03-26;2023-10-29;2024-03-31;2024-10-27
buffalo;538;2023-03-12;2023-11-05;2024-03-10;2024-11-03
byronbay;538;2023-04-02;2023-10-01;2024-04-07;2024-10-06
caracas;538;;;;
chelyabinsk;538;;;;
chiangmai;538;;;;
chisinau;538;2023-03-26;2023-10-29;2024-03-31;2024-10-27
delhi;538;;;;
derbent;538;;;;
dnepropetrovsk;538;2023-03-26;2023-10-29;2024-03-31;2024-10-27
donetsk;538;;;;
guadalajara;538;;;;
haifa;538;2023-03-24;2023-10-29;2024-03-29;2024-10-27
helsinki;538;2023-03-26;2023-10-29;2024-03-31;2024-10-27
herson;538;2023-03-26;2023-10-29;2024-03-31;2024-10-27
honolulu;538;;;;
istanbul;538;;;;
johannesburg;538;;;;
kaluga;538;;;;
kazan;538;;;;
khabarovsk;538;;;;
khanty-mansiysk;538;;;;
kharkiv;538;2023-03-26;2023-10-29;2024-03-31;2024-10-27
krasnodar;538;;;;
krasnoyarsk;538;;;;
kuala_lumpur;538;;;;
kyiv;538;2023-03-26;2023-10-29;2024-03-31;2024-10-27
lima;538;;;;
linkoeping;538;2023-03-26;2023-10-29;2024-03-31;2024-10-27
london;538;2023-03-26;2023-10-29;2024-03-31;2024-10-27
luhansk;538;;;;
luxembourg;538;2023-03-26;2023-10-29;2024-03-31;2024-10-27
lviv;538;2023-03-26;2023-10-29;2024-03-31;2024-10-27
maalot_tarshiha;538;2023-03-24;2023-10-29;2024-03-29;2024-10-27
manila;538;;;;
merida;538;;;;
mexico_city;538;;;;
miami;538;2023-03-12;2023-11-05;2024-03-10;2024-11-03
milan;538;2023-03-26;2023-10-29;2024-03-31;2024-10-27
minsk;538;;;;
morelia;538;;;;
moscow;538;;;;
navadvip;538;;;;
new_york;538;2023-03-12;2023-11-05;2024-03-10;2024-11-03
nizhny_novgorod;538;;;;
novgorod_the_great;538;;;;
novosibirsk;538;;;;
odessa;538;2023-03-26;2023-10-29;2024-03-31;2024-10-27
omsk;538;;;;
orenburg;538;;;;
orsk;538;;;;
petropavl;538;;;;
petropavlovsk_kamchatsky;538;;;;
petrozavodsk;538;;;;
perm;538;;;;
port_luis;538;;;;
prague;538;2023-03-26;2023-10-29;2024-03-31;2024-10-27
quito;538;;;;
riga;538;2023-03-26;2023-10-29;2024-03-31;2024-10-27
rome;538;2023-03-26;2023-10-29;2024-03-31;2024-10-27
rostov_on_don;538;;;;
saint_petersburg;538;;;;
salt_lake_city;538;2023-03-12;2023-11-05;2024-03-10;2024-11-03
samara;538;;;;
san_luis_potosi;538;;;;
san_paulo;538;;;;
shenzhen;538;;;;
simferopol;538;;;;
singapore;538;;;;
smolensk;538;;;;
sochi;538;;;;
soquel;538;2023-03-12;2023-11-05;2024-03-10;2024-11-03
stavropol;538;;;;
sukhum;538;;;;
surgut;538;;;;
sydney;538;2023-04-02;2022-10-01;2024-04-07;2024-10-06
tambov;538;;;;
tampere;538;2023-03-26;2023-10-29;2024-03-31;2024-10-27
tijuana;538;2023-03-12;2023-11-05;2024-03-10;2024-11-03
timmins;538;2023-03-12;2023-11-05;2024-03-10;2024-11-03
tolyatti;538;;;;
tomsk;538;;;;
tuapse;538;;;;
ufa;538;;;;
vancouver;538;2023-03-12;2023-11-05;2024-03-10;2024-11-03
veracruz;538;;;;
vinnitsa;538;2023-03-26;2023-10-29;2024-03-31;2024-10-27
vladivostok;538;;;;
volgograd;538;;;;
voronezh;538;;;;
vrindavan;538;;;;
wroclaw;538;2023-03-26;2023-10-29;2024-03-31;2024-10-27
yaroslavl;538;;;;
yekaterinburg;538;;;;
yoshkar_ola;538;;;;
yuzhno_sakhalinsk;538;;;;
zaporizhia;538;2023-03-26;2023-10-29;2024-03-31;2024-10-27
almaty;539;;;;
amsterdam;539;2024-03-31;2024-10-27;2025-03-30;2025-10-26
ankara;539;;;;
bad_hersfeld;539;2024-03-31;2024-10-27;2025-03-30;2025-10-26
barcelona;539;2024-03-31;2024-10-27;2025-03-30;2025-10-26
barnaul;539;;;;
bogota;539;;;;
budapest;539;2024-03-31;2024-10-27;2025-03-30;2025-10-26
buffalo;539;2024-03-10;2024-11-03;2025-03-09;2025-11-02
byronbay;539;2024-04-07;2024-10-06;2025-04-06;2025-10-05
caracas;539;;;;
chelyabinsk;539;;;;
chiangmai;539;;;;
chisinau;539;2024-03-31;2024-10-27;2025-03-30;2025-10-26
delhi;539;;;;
derbent;539;;;;
dnepropetrovsk;539;2024-03-31;2024-10-27;2025-03-30;2025-10-26
donetsk;539;;;;
dublin;539;2024-03-31;2024-10-27;2025-03-30;2025-10-26
guadalajara;539;;;;
haifa;539;2024-03-29;2024-10-27;2025-03-28;2025-10-26
heilbronn;539;2024-03-31;2024-10-27;2025-03-30;2024-10-26
helsinki;539;2024-03-31;2024-10-27;2025-03-30;2025-10-26
herson;539;2024-03-31;2024-10-27;2025-03-30;2025-10-26
honolulu;539;;;;
istanbul;539;;;;
johannesburg;539;;;;
kaluga;539;;;;
kazan;539;;;;
khabarovsk;539;;;;
khanty-mansiysk;539;;;;
kharkiv;539;2024-03-31;2024-10-27;2025-03-30;2025-10-26
krasnodar;539;;;;
krasnoyarsk;539;;;;
kuala_lumpur;539;;;;
kyiv;539;2024-03-31;2024-10-27;2025-03-30;2025-10-26
lima;539;;;;
linkoeping;539;2024-03-31;2024-10-27;2025-03-30;2025-10-26
london;539;2024-03-31;2024-10-27;2025-03-30;2025-10-26
luhansk;539;;;;
luxembourg;539;2024-03-31;2024-10-27;2025-03-30;2025-10-26
lviv;539;2024-03-31;2024-10-27;2025-03-30;2025-10-26
maalot_tarshiha;539;2024-03-29;2024-10-27;2025-03-28;2025-10-26
manila;539;;;;
merida;539;;;;
mexico_city;539;;;;
miami;539;2024-03-10;2024-11-03;2025-03-09;2025-11-02
milan;539;2024-03-31;2024-10-27;2025-03-30;2025-10-26
minsk;539;;;;
morelia;539;;;;
moscow;539;;;;
navadvip;539;;;;
new_york;539;2024-03-10;2024-11-03;2025-03-09;2025-11-02
nizhny_novgorod;539;;;;
novgorod_the_great;539;;;;
novosibirsk;539;;;;
odessa;539;2024-03-31;2024-10-27;2025-03-30;2025-10-26
omsk;539;;;;
orenburg;539;;;;
orsk;539;;;;
oslo;539;2024-03-31;2024-10-27;2025-03-30;2025-10-26
paernu;539;2024-03-31;2024-10-27;2025-03-30;2025-10-26
petropavl;539;;;;
petropavlovsk_kamchatsky;539;;;;
petrozavodsk;539;;;;
perm;539;;;;
port_luis;539;;;;
prague;539;2024-03-31;2024-10-27;2025-03-30;2025-10-26
quito;539;;;;
riga;539;2024-03-31;2024-10-27;2025-03-30;2025-10-26
rome;539;2024-03-31;2024-10-27;2025-03-30;2025-10-26
rostov_on_don;539;;;;
san_francisco;539;2024-03-10;2024-11-03;2025-03-09;2025-11-02
saint_petersburg;539;;;;
salt_lake_city;539;2024-03-10;2024-11-03;2025-03-09;2025-11-02
samara;539;;;;
san_luis_potosi;539;;;;
san_paulo;539;;;;
shenzhen;539;;;;
simferopol;539;;;;
singapore;539;;;;
smolensk;539;;;;
sochi;539;;;;
soquel;539;2024-03-10;2024-11-03;2025-03-09;2025-11-02
stavropol;539;;;;
sukhum;539;;;;
surgut;539;;;;
sydney;539;2024-04-07;2024-10-06;2025-04-06;2025-10-05
tambov;539;;;;
tampere;539;2024-03-31;2024-10-27;2025-03-30;2025-10-26
tijuana;539;2024-03-10;2024-11-03;2025-03-09;2025-11-02
timmins;539;2024-03-10;2024-11-03;2025-03-09;2025-11-02
tolyatti;539;;;;
tomsk;539;;;;
tuapse;539;;;;
ufa;539;;;;
vancouver;539;2024-03-10;2024-11-03;2025-03-09;2025-11-02
veracruz;539;;;;
vinnitsa;539;2024-03-31;2024-10-27;2025-03-30;2025-10-26
vladivostok;539;;;;
volgograd;539;;;;
voronezh;539;;;;
vrindavan;539;;;;
wroclaw;539;2024-03-31;2024-10-27;2025-03-30;2025-10-26
yaroslavl;539;;;;
yekaterinburg;539;;;;
yoshkar_ola;539;;;;
yuzhno_sakhalinsk;539;;;;
zaporizhia;539;2024-03-31;2024-10-27;2025-03-30;2025-10-26
